split,filename,gpt2_mean_loss,gpt2_perplexity,gpt2_n_tokens
train,audio_192.wav,3.8299523630449848,46.06034400741628,124
train,audio_436.wav,4.3595234375,78.21984889260924,125
train,audio_447.wav,2.7051871937407546,14.957116307034948,169
train,audio_126.wav,3.768035138239626,43.29491268878735,122
train,audio_61.wav,4.0741997612847225,58.803404993736784,90
train,audio_639.wav,3.63202184274656,37.78914313601984,109
train,audio_703.wav,3.687356387867647,39.93912372121919,51
train,audio_509.wav,3.583350396925403,35.99393301617828,155
train,audio_672.wav,3.2099139873798075,24.77695500211287,130
train,audio_344.wav,3.389967679977417,29.66499348161565,128
train,audio_592.wav,3.64346145269439,38.22391828141578,127
train,audio_705.wav,3.343392578125,28.31502487641557,125
train,audio_497.wav,3.478887097588901,32.423617666970244,87
train,audio_702.wav,3.1578314950533004,23.5195383545086,107
train,audio_598.wav,3.793363772564053,44.405519401821145,161
train,audio_99.wav,3.905058099982444,49.65296466474961,89
train,audio_194.wav,3.2150320325578963,24.90408964008187,56
train,audio_5055.wav,4.095049257631655,60.04229662594197,54
train,audio_178.wav,4.805953979492188,122.23604609794964,120
train,audio_609.wav,3.257552120663704,25.98584900107201,109
train,audio_77.wav,3.1381554236778846,23.061289293821687,104
train,audio_18.wav,3.772996534994983,43.51024967251312,109
train,audio_9.wav,2.7157785516036186,15.116374369250956,95
train,audio_138.wav,3.576466279871324,35.74699750973446,85
train,audio_269.wav,3.074800703260633,21.64556759056875,144
train,audio_717.wav,3.252264351680361,25.8488044839112,116
train,audio_529.wav,3.517004305428832,33.68337207751923,137
train,audio_578.wav,3.662868724149816,38.97298540337141,170
train,audio_171.wav,3.759137015057425,42.91137812200659,117
train,audio_596.wav,3.7781610903532608,43.73554203226971,138
train,audio_5066.wav,3.1492135184151784,23.31771841129556,119
train,audio_501.wav,3.3766209193638392,29.27169240110522,140
train,audio_8.wav,3.630561361507493,37.73399308404037,98
train,audio_84.wav,3.25494762302674,25.9182569785943,97
train,audio_11.wav,3.0258192905159884,20.610884097558543,86
train,audio_142.wav,4.090008025473737,59.740371147001,47
train,audio_610.wav,3.1462502479553223,23.248723980202403,128
train,audio_654.wav,3.545844070049895,34.668936006264104,119
train,audio_170.wav,3.4416302767666904,31.237843008551263,176
train,audio_255.wav,3.943372744605655,51.59231589349895,105
train,audio_162.wav,4.121536542784493,61.653903380752105,106
train,audio_5069.wav,3.48049259185791,32.47571540943795,4
train,audio_769.wav,3.5977405109236726,36.515634484733496,113
train,audio_720.wav,3.485664791531033,32.644121433426115,144
train,audio_623.wav,3.500565351065943,33.13417910796444,118
train,audio_718.wav,3.695845127105713,40.27959958879575,128
train,audio_136.wav,4.027419478804977,56.115915935402256,81
train,audio_119.wav,3.9695159912109377,52.95889206626177,80
train,audio_542.wav,3.201841723017332,24.57775395468134,119
train,audio_5073.wav,3.339223061838457,28.19721070377722,124
train,audio_322.wav,3.903039932250977,49.55285770398845,112
train,audio_5039.wav,5.794749904323268,328.5699997689756,37
train,audio_707.wav,4.142928957000492,62.987037862015775,127
train,audio_148.wav,3.784830305311415,44.02819857334386,144
train,audio_316.wav,4.766897869925214,117.55400792842,117
train,audio_647.wav,3.218735773760573,24.996498967476786,133
train,audio_286.wav,3.34859619140625,28.46274933305864,145
train,audio_92.wav,3.6393561112253288,38.067317713930166,95
train,audio_462.wav,4.36755766691985,78.85081637855295,108
train,audio_376.wav,3.532791913565943,34.21937190115123,118
train,audio_76.wav,3.674428511639032,39.426118849668654,98
train,audio_105.wav,4.1724853515625,64.87649279588413,92
train,audio_355.wav,3.418760650011958,30.53155228434695,98
train,audio_663.wav,3.925522155761719,50.679533761793614,100
train,audio_767.wav,2.876187456332571,17.74648479041982,123
train,audio_655.wav,3.7861250492564418,44.08524073638614,114
train,audio_372.wav,3.4026941197519083,30.044935762837653,131
train,audio_667.wav,3.3896765457956413,29.65635824507825,152
train,audio_517.wav,3.8078439302533584,45.053196239644656,107
train,audio_765.wav,3.700184096637954,40.45475125826782,117
train,audio_38.wav,3.327359199523926,27.86465945005112,96
train,audio_371.wav,3.3994628058539496,29.9480078309691,144
train,audio_507.wav,3.9808816010097288,53.56423570228056,106
train,audio_5056.wav,2.5970120943509616,13.423569695557738,65
train,audio_282.wav,3.084537476532219,21.857354964150566,129
train,audio_459.wav,3.864224312000705,47.66628392436122,133
train,audio_303.wav,3.7040894706294223,40.6130511005082,106
train,audio_297.wav,3.1124815764250577,22.47675302997806,108
train,audio_432.wav,4.091619001116071,59.83668899180311,105
train,audio_454.wav,3.7024721556071993,40.54742009018047,158
train,audio_482.wav,3.1439364451282428,23.194993202115604,159
train,audio_484.wav,4.1621737698896215,64.2109508340921,109
train,audio_757.wav,3.6475954922762783,38.38226455192583,110
train,audio_773.wav,3.2962064855238973,27.009981571606552,85
train,audio_668.wav,3.362176965784144,28.851932230849272,162
train,audio_240.wav,3.199412393912995,24.518118967513665,139
train,audio_163.wav,3.702236419028424,40.53786270664695,94
train,audio_659.wav,3.262496530193172,26.11465184510348,146
train,audio_532.wav,3.313949682150677,27.49350189850327,157
train,audio_464.wav,3.693733634529533,40.19463924142947,91
train,audio_5.wav,3.612834110966435,37.07096730992699,135
train,audio_231.wav,3.2633229848500847,26.13624334170201,148
train,audio_384.wav,3.4385555013020834,31.1419411691693,150
train,audio_54.wav,2.747201102120536,15.598910968708932,112
train,audio_656.wav,2.985181572023502,19.790095237803826,121
train,audio_444.wav,4.168117917817215,64.59376685478354,116
train,audio_5062.wav,3.428440369281572,30.82852412256105,97
train,audio_312.wav,3.387070615067441,29.57917643873896,117
train,audio_120.wav,3.2083184657952724,24.737454356054336,78
train,audio_446.wav,4.21840749693311,67.92522697996517,121
train,audio_546.wav,4.1889459390555865,65.95323557926268,113
train,audio_430.wav,3.520588362298044,33.80431179654673,147
train,audio_179.wav,3.998217707094939,54.500926803583184,92
train,audio_674.wav,3.546164466594828,34.68004559321861,145
train,audio_737.wav,4.143222416672751,63.00552472994578,107
train,audio_669.wav,3.247019958496094,25.7135980376262,160
train,audio_540.wav,4.295596810274346,73.3759929264697,172
train,audio_692.wav,3.248179117838541,25.743421476739137,180
train,audio_572.wav,4.124161847933071,61.81597634313189,127
train,audio_479.wav,5.28482312353972,197.3192792257261,107
train,audio_419.wav,4.009669806367608,55.1286644238985,93
train,audio_5037.wav,2.9636193920752247,19.367945235885028,167
train,audio_433.wav,3.901593430597979,49.48123122980461,133
train,audio_405.wav,3.337635761982686,28.152488778236755,148
train,audio_267.wav,3.460313378310785,31.82694882749381,82
train,audio_358.wav,3.811197680096293,45.20454704396363,172
train,audio_331.wav,3.614313932073197,37.12586632013883,149
train,audio_487.wav,3.894696669145064,49.141145076178056,88
train,audio_494.wav,4.127803285660282,62.04148571150397,155
train,audio_536.wav,3.87298260313092,48.08559264966506,132
train,audio_634.wav,4.569930725097656,96.53742192072109,100
train,audio_317.wav,3.774859306139824,43.59137484546542,156
train,audio_5054.wav,3.5556759182497752,35.01147686789422,139
train,audio_723.wav,3.115964877530464,22.555182846685348,159
train,audio_155.wav,4.378628062553147,79.72857571909063,147
train,audio_410.wav,3.8990449324898098,49.35528895561392,115
train,audio_251.wav,4.261936664581299,70.94725151943086,32
train,audio_779.wav,3.1036557284268467,22.27924947447518,154
train,audio_382.wav,4.358628493088943,78.1498777908024,143
train,audio_559.wav,5.042571591659331,154.86776002781951,71
train,audio_161.wav,3.843541684358016,46.69054512644898,46
train,audio_535.wav,4.090466876362646,59.76778935936004,172
train,audio_363.wav,3.5070480192550506,33.349674735481656,99
train,audio_5057.wav,3.7719172484485815,43.46331497795922,141
train,audio_660.wav,3.8385571612427567,46.458394086772174,151
train,audio_293.wav,3.0950041672279096,22.08733058029428,145
train,audio_74.wav,3.2989104648806014,27.08311483505896,106
train,audio_215.wav,3.9493729440789473,51.90281066388225,152
train,audio_228.wav,3.800543891059028,44.725503680769485,81
train,audio_602.wav,4.3266504681299605,75.69033430900275,126
train,audio_396.wav,2.958135190217391,19.26201824263892,184
train,audio_576.wav,4.09213279781485,59.86744078448122,133
train,audio_5040.wav,3.507923889160156,33.37889750773272,160
train,audio_198.wav,3.761035919189453,42.99294012994216,88
train,audio_600.wav,3.9269205729166665,50.75045446801944,135
train,audio_710.wav,3.2130845013786766,24.85563534745566,85
train,audio_246.wav,4.214903278115355,67.68761868026279,81
train,audio_490.wav,3.5793612960481296,35.850635590373805,137
train,audio_657.wav,3.602133987296341,36.6764180027402,117
train,audio_688.wav,2.88206051557492,17.851017610189853,78
train,audio_698.wav,3.963198904263771,52.625400596771726,118
train,audio_499.wav,3.8767183743990383,48.26556538427364,78
train,audio_463.wav,3.788257087628866,44.17933242920165,97
train,audio_604.wav,4.022260771023007,55.82717572669036,127
train,audio_97.wav,3.336074607959692,28.108572695926963,138
train,audio_234.wav,4.135623794004141,62.52858386316727,83
train,audio_782.wav,3.015400211985518,20.3972525321919,123
train,audio_758.wav,4.126925320095486,61.98703932798279,90
train,audio_727.wav,2.8429590173669763,17.16648638955256,148
train,audio_643.wav,4.8160866185238485,123.48091608792178,38
train,audio_261.wav,4.156171114939563,63.826669161227606,106
train,audio_205.wav,2.740429639816284,15.493640351350418,128
train,audio_128.wav,4.014595788853769,55.40089721583463,131
train,audio_650.wav,2.659566879272461,14.290098420294411,160
train,audio_35.wav,3.214381531207231,24.887894764099336,137
train,audio_141.wav,3.831100635314256,46.113264200733575,89
train,audio_260.wav,4.792145071677791,120.55970069323904,103
train,audio_722.wav,2.5797725880639795,13.194137314146516,169
train,audio_5047.wav,3.271750151221432,26.35742848567509,134
train,audio_324.wav,3.9477526257921767,51.81877968747742,143
train,audio_279.wav,3.0043551422828854,20.17320305498948,172
train,audio_450.wav,3.790454660663168,44.27652649523566,131
train,audio_32.wav,3.793729847875135,44.42177814193002,116
train,audio_254.wav,4.254423199277936,70.41618936360965,66
train,audio_544.wav,3.519859957407756,33.77969753618341,83
train,audio_176.wav,3.773463751680108,43.53058313683106,186
train,audio_301.wav,3.745723802216199,42.3396416573278,98
train,audio_213.wav,3.402062270220588,30.02595788047178,170
train,audio_295.wav,2.887260759380502,17.94408904126652,142
train,audio_40.wav,3.032043717865251,20.73957514677621,117
train,audio_496.wav,4.124017915271577,61.807079645412,105
train,audio_45.wav,4.349483038789483,77.43841991651094,93
train,audio_146.wav,3.5727594972566794,35.614736443791074,131
train,audio_415.wav,3.592652120707948,36.33030061291453,81
train,audio_595.wav,4.4140967253212615,82.60719021294236,107
train,audio_783.wav,2.9843413190143866,19.773473534925447,164
train,audio_673.wav,3.734983413938492,41.8873308114959,126
train,audio_48.wav,3.6662190755208335,39.103777575974064,81
train,audio_777.wav,3.895926666259766,49.201625730725134,80
train,audio_330.wav,3.546538013522908,34.69300263759702,118
train,audio_200.wav,3.7895344059641767,44.23579955612616,82
train,audio_259.wav,3.273191369098165,26.39544266957412,92
train,audio_721.wav,4.998115775511437,148.13377868414057,97
train,audio_223.wav,3.097900390625,22.151393148874885,116
train,audio_175.wav,3.9888121329698,53.99071746381824,149
train,audio_400.wav,3.513048206676136,33.550380568479284,55
train,audio_506.wav,4.869546904818702,130.2618824921028,131
train,audio_153.wav,3.622383743035989,37.42667715401,122
train,audio_5050.wav,4.083832946004747,59.37260626496892,79
train,audio_281.wav,3.43995068359375,31.185420177535136,125
train,audio_543.wav,3.9156287560096152,50.18061295602344,130
train,audio_445.wav,3.945521484375,51.70329354279681,125
train,audio_124.wav,3.67931640625,39.61930130665231,100
train,audio_249.wav,4.2710663551508,71.5979437623152,43
train,audio_420.wav,4.096770635925897,60.14574114011758,101
train,audio_203.wav,3.0702932257401314,21.54822024154943,152
train,audio_278.wav,4.573933410644531,96.92460523376356,80
train,audio_516.wav,4.37583642578125,79.50631287824757,125
train,audio_326.wav,2.738374381229795,15.461829614824635,87
train,audio_603.wav,3.721355262169471,41.32035609390752,130
train,audio_199.wav,3.3108635326423266,27.40878363499032,101
train,audio_406.wav,3.8908114433288574,48.95059104311517,64
train,audio_538.wav,3.927866082442434,50.79846219846268,152
train,audio_631.wav,3.546178717362253,34.68053981400417,152
train,audio_5061.wav,3.162272765573148,23.62422729070456,113
train,audio_196.wav,3.4372673587522646,31.10185173566129,69
train,audio_756.wav,3.4083769236896053,30.216161301882387,141
train,audio_649.wav,3.027725440868433,20.650209009235468,138
train,audio_27.wav,3.558055598561357,35.09489220162558,82
train,audio_681.wav,2.66027978515625,14.300289547763908,125
train,audio_556.wav,4.308399614081325,74.3214507090277,83
train,audio_185.wav,3.886363636363636,48.733351740699845,88
train,audio_369.wav,3.906098865327381,49.704668650837405,147
train,audio_241.wav,3.3101806640625,27.39007342686841,162
train,audio_98.wav,3.541709012763445,34.525873958547194,86
train,audio_389.wav,3.172206801856124,23.860080770683123,149
train,audio_357.wav,3.998367138123245,54.50907154164218,89
train,audio_112.wav,3.228093418506308,25.23150516207521,109
train,audio_675.wav,3.106626149770376,22.34552661942245,148
train,audio_113.wav,3.338877751277044,28.18747559003432,104
train,audio_483.wav,3.300806257459852,27.134507502713017,144
train,audio_474.wav,4.0864105224609375,59.52584109943125,90
train,audio_725.wav,3.587824417372881,36.15533138906412,118
train,audio_774.wav,3.2236322723658737,25.119194433755816,113
train,audio_588.wav,3.66634521484375,39.108710411106685,105
train,audio_395.wav,4.021317880364913,55.77456161280619,158
train,audio_210.wav,3.3740830365349264,29.197498463170444,170
train,audio_309.wav,3.3949468703497026,29.813069474904264,126
train,audio_457.wav,3.6742071621659873,39.41739286481885,138
train,audio_492.wav,3.273093445660317,26.392858063633188,146
train,audio_738.wav,3.354302190965222,28.625622001982418,93
train,audio_305.wav,2.894200454523534,18.06904863808836,162
train,audio_123.wav,4.828123956663996,124.9762796711126,117
train,audio_5053.wav,4.305636142162567,74.11634899397329,94
train,audio_89.wav,3.30536797706117,27.25857027210565,94
train,audio_747.wav,3.371487824813179,29.12182301229533,92
train,audio_115.wav,5.213600906671262,183.75455128262973,102
train,audio_235.wav,4.461402353614267,86.60888025004698,99
train,audio_414.wav,3.547737927940803,34.73465625705351,123
train,audio_56.wav,3.211578369140625,24.818227651301573,112
train,audio_43.wav,4.075651339399136,58.88882471117604,123
train,audio_394.wav,3.3808202283135778,29.39487173400272,145
train,audio_423.wav,4.438637662096088,84.65952819141496,147
train,audio_579.wav,5.333845964566929,207.23345600716112,127
train,audio_172.wav,4.535844957506335,93.30231850143517,148
train,audio_144.wav,3.592771629050926,36.33464264639014,135
train,audio_151.wav,3.9382253793569713,51.32743370709599,130
train,audio_65.wav,3.874472817221841,48.15730389668634,91
train,audio_481.wav,5.406652626871061,222.8842608019288,119
train,audio_262.wav,2.8829421997070312,17.866763509593596,128
train,audio_229.wav,3.615381629721632,37.16552668917871,103
train,audio_22.wav,3.2175507127192984,24.966894135613263,114
train,audio_434.wav,4.080788426751258,59.19212010826694,149
train,audio_488.wav,3.7108965253496495,40.89044942335983,143
train,audio_439.wav,3.5257583467086944,33.97953211441888,101
train,audio_160.wav,4.105933295355903,60.69936855881468,117
train,audio_594.wav,3.847051239013672,46.85469602626313,120
train,audio_651.wav,3.2745776567302767,26.43205972030912,122
train,audio_569.wav,3.110907217172476,22.441394386784204,130
train,audio_440.wav,4.624988090701219,102.00155830843212,82
train,audio_658.wav,3.2627764020647323,26.12196162444361,140
train,audio_274.wav,3.068762642996652,21.51526413495285,63
train,audio_5065.wav,3.897298903692336,49.2691883886984,126
train,audio_158.wav,3.618204577215786,37.27059124570624,116
train,audio_493.wav,2.9369576876280736,18.858385849651505,122
train,audio_646.wav,3.5778602551502785,35.79686268789803,157
train,audio_64.wav,4.060507165380271,58.00372109972537,83
train,audio_451.wav,4.0992478351203765,60.29491881674552,98
train,audio_277.wav,4.413883985671322,82.58961825740604,113
train,audio_491.wav,3.792734680175781,44.37759301262865,100
train,audio_52.wav,3.3650722085994524,28.935586621800013,137
train,audio_743.wav,2.692453808254666,14.767869015718778,36
train,audio_243.wav,4.01522324960443,55.43567001253069,79
train,audio_661.wav,3.730483222253544,41.699253303499866,97
train,audio_456.wav,3.5758157525180785,35.72375067222965,121
train,audio_90.wav,4.161951753282056,64.19669651902521,97
train,audio_735.wav,4.268635050455729,71.42407879049613,60
train,audio_775.wav,3.1808640052532327,24.067539051554004,87
train,audio_587.wav,3.878571488475072,48.35508990683222,131
train,audio_103.wav,3.7642714182535806,43.13226902520529,96
train,audio_111.wav,3.4429731889204547,31.27982086756473,110
train,audio_421.wav,3.307901623179612,27.32772140813135,103
train,audio_683.wav,4.018098958333334,55.59531629075737,150
train,audio_152.wav,3.270534112201473,26.32539630430927,123
train,audio_134.wav,3.604260762532552,36.754503506025856,96
train,audio_12.wav,3.522919276975236,33.88319866663022,106
train,audio_232.wav,3.946196039038969,51.73818200636362,83
train,audio_36.wav,3.3913067626953124,29.70474397036976,100
train,audio_268.wav,3.6971553802490233,40.332410651143135,80
train,audio_68.wav,4.027378690415534,56.11362710424832,69
train,audio_729.wav,3.877893654696913,48.32232429961966,83
train,audio_247.wav,2.8828653608049666,17.865390699845342,112
train,audio_224.wav,3.3826994719328702,29.45016379650433,81
train,audio_425.wav,3.362011340237403,28.8471540095077,129
train,audio_392.wav,2.7125715090904707,15.06797316784376,162
train,audio_615.wav,2.9049180218962585,18.26374636354348,147
train,audio_245.wav,3.338130202248832,28.1664119440842,107
train,audio_271.wav,4.199699070142663,66.66626615205217,92
train,audio_321.wav,3.555042613636364,34.98931095769887,143
train,audio_5043.wav,3.472864389419556,32.22892655235334,128
train,audio_187.wav,3.4121578998447206,30.330624141536337,161
train,audio_221.wav,2.9861554545740927,19.809377854208226,155
train,audio_219.wav,3.4382408785532754,31.13214474720485,166
train,audio_601.wav,4.065127630303376,58.27234536507604,137
train,audio_100.wav,4.018104360884979,55.5956166481362,119
train,audio_227.wav,3.7902058346170775,44.26551071277687,142
train,audio_411.wav,4.421037902832032,83.18257600115344,100
train,audio_28.wav,3.042606842823518,20.9598110123014,156
train,audio_653.wav,3.407835407021605,30.19980317639297,81
train,audio_29.wav,3.254962921142578,25.918653482124764,144
train,audio_470.wav,4.210853992808949,67.41408637943088,110
train,audio_356.wav,3.708867165894635,40.80755214583933,113
train,audio_365.wav,2.968024429009885,19.4534499374182,98
train,audio_58.wav,3.3418104034109213,28.270260981516937,97
train,audio_708.wav,3.714159919220267,41.02410903873959,103
train,audio_319.wav,2.812988740160949,16.659635207008602,133
train,audio_5067.wav,3.591329381085824,36.28227685327704,69
train,audio_135.wav,3.0060631536668345,20.207688557890165,93
train,audio_612.wav,3.590658950805664,36.257960268439646,80
train,audio_373.wav,4.165378049123201,64.41703064271842,139
train,audio_680.wav,2.8212458092396653,16.797764452305074,127
train,audio_63.wav,2.9680343746214874,19.453643414837725,129
train,audio_700.wav,3.527794189453125,34.04877956287368,125
train,audio_429.wav,4.181748519405242,65.4802466572277,155
train,audio_745.wav,3.711329868861607,40.90817287421231,140
train,audio_731.wav,3.4138240107783564,30.38120044721081,54
train,audio_461.wav,3.0995029873318143,22.186921359679463,144
train,audio_79.wav,3.547776012885861,34.735979149719654,82
train,audio_5038.wav,4.007115460824275,54.98802646106238,138
train,audio_760.wav,2.992955322265625,19.94453801748564,150
train,audio_72.wav,3.5450936057350853,34.64292796723221,110
train,audio_696.wav,3.22717891179078,25.208441328784247,141
train,audio_744.wav,3.3728883657882465,29.162637893477868,67
train,audio_662.wav,3.6146415016867897,37.138029617878246,110
train,audio_570.wav,3.620482397861168,37.35558372998058,122
train,audio_10.wav,3.658763191916726,38.81330855907831,88
train,audio_628.wav,3.99585390762544,54.37224968508568,142
train,audio_606.wav,3.0439846371644297,20.98870922462593,149
train,audio_73.wav,2.699450825535974,14.871562399575714,129
train,audio_605.wav,3.720252846771816,41.27482899661038,106
train,audio_106.wav,3.577782415574597,35.794076383739444,93
train,audio_306.wav,2.778410636338612,16.09342231003677,149
train,audio_75.wav,3.5407497240149457,34.49276955700527,115
train,audio_550.wav,4.05565746410473,57.72310139040814,148
train,audio_340.wav,2.9792899700126263,19.67384266611772,99
train,audio_272.wav,3.278076898484003,26.52471390246737,84
train,audio_518.wav,4.118857187767551,61.48893179283418,146
train,audio_34.wav,2.971319875409526,19.5176634870174,124
train,audio_87.wav,3.499795766977164,33.1086893804306,91
train,audio_211.wav,3.373937482664571,29.1932489635375,169
train,audio_431.wav,3.8938267812007616,49.09841637379304,119
train,audio_555.wav,3.721508604107481,41.32669272321332,132
train,audio_648.wav,3.001620870240977,20.11811937108716,142
train,audio_5051.wav,4.856062995062934,128.51723181379165,36
train,audio_422.wav,4.207599524295691,67.19504598133007,132
train,audio_627.wav,4.089224732952354,59.6935952830407,162
train,audio_122.wav,3.14076806640625,23.12161897924184,125
train,audio_88.wav,4.185033727575232,65.69571663659733,81
train,audio_165.wav,3.85645751953125,47.2975037626493,110
train,audio_276.wav,3.904907476706583,49.645486335774926,122
train,audio_746.wav,3.0994335254589163,22.18538026809216,143
train,audio_252.wav,3.856613417803231,47.30487793655046,59
train,audio_266.wav,4.245121348987926,69.7642254484163,66
train,audio_611.wav,4.20074392735273,66.73595928425472,87
train,audio_5058.wav,3.337641920998832,28.15266217040365,107
train,audio_81.wav,3.106759510869565,22.348506842132853,115
train,audio_3.wav,4.409379200268817,82.21840649310283,93
train,audio_21.wav,3.554896147354789,34.98418657871158,92
train,audio_190.wav,3.661956211306014,38.93743827470187,159
train,audio_189.wav,2.9635584734488223,19.36676540320228,138
train,audio_519.wav,4.0227537226856205,55.85470260993789,133
train,audio_748.wav,3.5858112410003065,36.08261754762118,102
train,audio_505.wav,3.4375862331565368,31.111770901505263,109
train,audio_361.wav,3.567001065340909,35.410240761095885,55
train,audio_5052.wav,3.9526911648837,52.07532170663051,88
train,audio_16.wav,3.46203399122807,31.881757825777505,114
train,audio_327.wav,3.0977108001708986,22.14719385427448,160
train,audio_313.wav,3.5795479798928285,35.857328949612295,78
train,audio_589.wav,3.707836223098467,40.76550357248647,106
train,audio_416.wav,3.294312803895324,26.958881664464453,143
train,audio_762.wav,2.977088980123299,19.63058835593668,147
train,audio_714.wav,3.760826512386924,42.98393805839863,76
train,audio_455.wav,4.077048885012136,58.97118206548089,103
train,audio_42.wav,3.9835205078125,53.70577339851826,75
train,audio_561.wav,5.101752912494498,164.30967549312436,142
train,audio_226.wav,3.853053262788956,47.13676467037419,73
train,audio_110.wav,3.460630937056108,31.837057358372164,88
train,audio_739.wav,3.9202601841517857,50.413559881136685,140
train,audio_504.wav,3.49349661434398,32.90078818068131,136
train,audio_379.wav,3.1600601480614325,23.572013697357647,161
train,audio_520.wav,4.032043941437252,56.376022855541486,126
train,audio_5068.wav,3.9260993890002767,50.70879611798535,113
train,audio_30.wav,3.976471271920712,53.32851996948384,94
train,audio_5041.wav,3.976224232868976,53.315347369620405,83
train,audio_485.wav,3.0247179578234267,20.588197152309696,143
train,audio_475.wav,3.866858697706653,47.79202084844726,93
train,audio_145.wav,4.734916524684175,113.85395432672928,141
train,audio_308.wav,3.880561159368147,48.45139639909269,114
train,audio_184.wav,3.180897216796875,24.06833838495105,150
train,audio_586.wav,3.785574668695119,44.06098375274205,121
train,audio_398.wav,3.665258663216817,39.06623985558622,97
train,audio_726.wav,2.795190166226394,16.365740668402296,139
train,audio_466.wav,3.829959753787879,46.06068442883444,132
train,audio_218.wav,3.723786417643229,41.42093451515335,120
train,audio_644.wav,3.661970192026869,38.93798265196259,107
train,audio_351.wav,3.6554894080528846,38.68644994296279,117
train,audio_248.wav,3.5671580921519888,35.4158015548676,88
train,audio_83.wav,3.6613263811383927,38.91292202277454,140
train,audio_71.wav,4.859682355608259,128.98322480163012,112
train,audio_287.wav,3.3697140821770057,29.070214177101835,134
train,audio_367.wav,3.6796722412109375,39.63340174775131,80
train,audio_166.wav,4.3892659833354335,80.58124928753466,124
train,audio_94.wav,3.549606662326389,34.79962679100066,90
train,audio_108.wav,3.749823847903481,42.51359248198873,158
train,audio_511.wav,4.415464981742527,82.72029539219224,138
train,audio_5059.wav,3.9412235236315993,51.481551677105465,161
train,audio_310.wav,3.2287437564036887,25.247919502945525,122
train,audio_50.wav,3.678670437536507,39.59371674186161,107
train,audio_6.wav,3.0639034695095484,21.410971327532256,90
train,audio_515.wav,4.483167891068892,88.51463371609731,110
train,audio_742.wav,3.941196326053504,51.48015152262374,66
train,audio_545.wav,4.255205724993322,70.47131340774433,117
train,audio_489.wav,3.535272532495959,34.30436249391687,116
train,audio_697.wav,3.600657950202338,36.62232218283289,139
train,audio_225.wav,3.871769139024078,48.02727789751354,122
train,audio_553.wav,3.868818388210507,47.88577024776491,127
train,audio_237.wav,3.740845998128256,42.13362005516493,72
train,audio_197.wav,4.160827240386567,64.124547080032,154
train,audio_449.wav,2.985439892881405,19.79520809253372,161
train,audio_567.wav,4.425652398003472,83.56730858709503,117
train,audio_477.wav,3.661634362262228,38.92490831391179,92
train,audio_728.wav,3.4007352193196616,29.98613833314213,96
train,audio_377.wav,4.690297444661458,108.88556242041136,54
train,audio_633.wav,2.949964610808486,19.10527759594006,109
train,audio_690.wav,3.7224926994842233,41.36738214831206,103
train,audio_525.wav,3.4164652380143634,30.46155016551626,161
train,audio_31.wav,3.2236293870575574,25.119121957239773,98
train,audio_676.wav,3.526215938099644,33.99508441381071,114
train,audio_263.wav,3.56103295678491,35.19953797419846,111
train,audio_5070.wav,4.37628059387207,79.54163488932126,20
train,audio_510.wav,3.0493437226835662,21.10149144716137,143
train,audio_577.wav,4.376364698687803,79.54832500519828,103
train,audio_230.wav,3.067941902509702,21.497612931109536,153
train,audio_314.wav,3.4070053855971536,30.174747092723983,101
train,audio_641.wav,3.831188867962549,46.11733307565664,63
train,audio_689.wav,4.140523567474146,62.835711573145296,139
train,audio_352.wav,3.4301354192918345,30.880824325899084,124
train,audio_193.wav,3.5617281355947816,35.224016454590014,53
train,audio_5049.wav,2.1977009020353617,9.004287943437893,76
train,audio_300.wav,4.166060413388039,64.46100152284849,139
train,audio_581.wav,4.039339882986886,56.78884314823269,56
train,audio_164.wav,3.3525965763972354,28.57683933811546,78
train,audio_502.wav,3.3091193062918527,27.36101818133103,140
train,audio_380.wav,3.65669959699604,38.73329619762593,142
train,audio_15.wav,3.1950748019748265,24.411999689786416,90
train,audio_238.wav,4.290144267835115,72.97699597344888,38
train,audio_53.wav,3.056333876147713,21.249510847147324,97
train,audio_283.wav,3.3179109634891635,27.602627390192893,62
train,audio_614.wav,3.5215798070875266,33.83784352502149,118
train,audio_121.wav,3.557273521079673,35.06745600672613,111
train,audio_216.wav,3.0501049954467025,21.11756155395285,163
train,audio_552.wav,4.246339562821062,69.8492649805659,146
train,audio_514.wav,4.239363475512433,69.36368609920896,93
train,audio_593.wav,3.1681263875618257,23.76292011870848,139
train,audio_565.wav,4.300297995174632,73.72175915512699,85
train,audio_140.wav,3.353829956054688,28.612107175274968,100
train,audio_117.wav,5.037059156200554,154.01641015745312,79
train,audio_495.wav,3.5107141443201013,33.47216320577437,148
train,audio_652.wav,3.660021860665138,38.862192415421546,109
train,audio_645.wav,3.23980963034708,25.528861364254126,122
train,audio_242.wav,4.49247205579603,89.34203160326874,74
train,audio_4.wav,3.546649012072333,34.69685372429356,116
train,audio_93.wav,2.7560525596688645,15.737596947994668,109
train,audio_582.wav,4.308370971679688,74.31932199467214,40
train,audio_222.wav,3.298809660582984,27.0803848782887,119
train,audio_5042.wav,4.699983254457131,109.94533134244917,78
train,audio_253.wav,3.6330042658625423,37.8262863059368,74
train,audio_167.wav,2.996257678882496,20.010510867561216,148
train,audio_583.wav,4.022546941583807,55.84315410703795,110
train,audio_682.wav,3.1605578289916183,23.583747958777767,151
train,audio_5045.wav,3.611350581331073,37.01601220515349,106
train,audio_173.wav,4.334375718060662,76.27732546630212,136
train,audio_338.wav,3.710836856923205,40.888009627376206,188
train,audio_188.wav,3.503162384033203,33.22034149830764,144
train,audio_59.wav,3.124797821044922,22.75529398685817,120
train,audio_318.wav,3.4233557472766285,30.672170566648536,142
train,audio_17.wav,3.0962772812954213,22.11546817895568,129
train,audio_551.wav,3.877252886372228,48.29137080290253,124
train,audio_275.wav,3.294654967292906,26.96810758530601,63
train,audio_368.wav,3.1642247353830646,23.670386104808298,155
train,audio_730.wav,3.412314431709156,30.33537222228597,57
train,audio_5060.wav,2.9468214246961804,19.045320430356675,54
train,audio_685.wav,3.3373919103899574,28.14562458596503,117
train,audio_7.wav,3.1217486732884456,22.686015407238312,76
train,audio_204.wav,2.974725103997565,19.584238880580138,154
train,audio_5064.wav,5.078038203251826,160.45895908753295,77
train,audio_127.wav,4.440468884389335,84.81470064103677,109
train,audio_412.wav,5.301411531409439,200.6197913461,49
train,audio_132.wav,4.199493408203125,66.6525568482429,94
train,audio_156.wav,3.3182824399290967,27.61288302069322,119
train,audio_426.wav,4.01418701171875,55.37825522387287,100
train,audio_709.wav,2.9673748185149336,19.44081687590476,113
train,audio_291.wav,2.785573641459147,16.209113429829806,96
train,audio_523.wav,4.463915424962198,86.82680826511083,124
train,audio_632.wav,3.647434470927821,38.3760846854894,113
train,audio_684.wav,3.642417214133523,38.18402422508004,121
train,audio_512.wav,4.339165299027054,76.64353819520178,54
train,audio_764.wav,3.5279954119426447,34.05563163243456,164
train,audio_585.wav,3.939226960482663,51.37886804946071,146
train,audio_562.wav,4.44738466519836,85.40329346359239,141
train,audio_465.wav,3.7039681711504535,40.60812505733965,124
train,audio_37.wav,3.409760076349432,30.25798378252692,110
train,audio_47.wav,3.928439538455704,50.82760123625494,103
train,audio_233.wav,3.4024078369140627,30.036335644456464,90
train,audio_621.wav,3.5348586537479574,34.290167585005086,153
train,audio_590.wav,3.78281576326578,43.939591197733016,101
train,audio_349.wav,3.007127844769022,20.22921496154527,115
train,audio_387.wav,3.135096958705357,22.990864898465446,126
train,audio_630.wav,3.5416153261325505,34.522639497252584,149
train,audio_5046.wav,3.346524872048928,28.4038549050434,137
train,audio_183.wav,3.552101476868587,34.88655379427098,67
train,audio_607.wav,4.093806796603733,59.96774273709878,144
train,audio_133.wav,4.05553964468149,57.71630088851818,104
train,audio_443.wav,3.931014273930522,50.958637483705765,103
train,audio_55.wav,3.686403180112933,39.90107157745211,101
train,audio_686.wav,3.889212215647978,48.87237046585074,68
train,audio_740.wav,3.058355023784022,21.2925026775517,124
train,audio_699.wav,2.812439933655754,16.650494799219857,126
train,audio_44.wav,3.0666927142734943,21.47077513215079,137
train,audio_500.wav,4.335733654429611,76.38097557988092,103
train,audio_265.wav,4.883388857298259,132.07749812291368,79
train,audio_125.wav,3.7092278521993887,40.82227352576932,92
train,audio_413.wav,3.476844631895727,32.35746112446968,98
train,audio_256.wav,4.048854696339574,57.33175715813528,116
train,audio_350.wav,4.109492710658482,60.91580779016232,140
train,audio_364.wav,3.430107612114448,30.879965629278235,154
train,audio_131.wav,3.679749651653011,39.63646990565367,82
train,audio_168.wav,4.42094225761218,83.17462036584928,117
train,audio_557.wav,3.768609619140625,43.31979193487909,105
train,audio_670.wav,3.7036263894714767,40.59424831572056,149
train,audio_342.wav,3.9089913717130336,49.84864785230192,123
train,audio_2.wav,3.4750803094161182,32.3004224605192,95
train,audio_5048.wav,3.430822507299558,30.90204946089487,99
train,audio_741.wav,4.846333966936384,127.27294670782246,70
train,audio_294.wav,2.784147884971217,16.18601964816021,95
train,audio_370.wav,3.0187373966365665,20.46543563679249,154
train,audio_417.wav,3.6935795084635417,40.18844467719343,150
train,audio_753.wav,4.047567313058035,57.2579967016452,105
train,audio_533.wav,3.87362083292896,48.11629210336152,161
train,audio_239.wav,3.03390723538686,20.778259741968448,166
train,audio_566.wav,3.69940311392558,40.42316913105464,97
train,audio_736.wav,2.963050341084056,19.356927022711528,137
train,audio_541.wav,4.283912171708777,72.52361055769717,94
train,audio_531.wav,3.8855731102728073,48.6948419781468,124
train,audio_280.wav,3.118041724489446,22.60207518684177,114
train,audio_33.wav,3.915796423471102,50.18902731740121,93
train,audio_307.wav,3.1800544463008285,24.04806284448508,166
train,audio_617.wav,3.819345746721541,45.57438137629534,112
train,audio_613.wav,3.01827810861014,20.456038265464173,143
train,audio_472.wav,4.078169631958008,59.03731088759103,40
train,audio_568.wav,3.263341267903646,26.136721196407223,96
train,audio_521.wav,3.248257723721591,25.74544514065193,154
train,audio_401.wav,3.816183236929087,45.43047961420938,156
train,audio_573.wav,4.333380298079732,76.20143527001628,107
train,audio_180.wav,3.461159403009932,31.853886605706464,129
train,audio_320.wav,2.913867950439453,18.427939249724776,72
train,audio_85.wav,3.27501779232385,26.44369597117973,106
train,audio_296.wav,3.6039591822130927,36.74342074237264,116
train,audio_250.wav,2.8517662048339845,17.3183425847459,40
train,audio_346.wav,3.507217600375791,33.35533069025765,158
train,audio_335.wav,3.440845235188802,31.213329626257103,120
train,audio_20.wav,4.171943589012222,64.8413546608162,101
train,audio_5071.wav,3.6878223687830105,39.9577389274782,71
train,audio_558.wav,4.000115219427615,54.60444116316312,98
train,audio_289.wav,4.55614749968998,95.21595284785676,63
train,audio_620.wav,3.336471373776356,28.119727429490062,166
train,audio_665.wav,3.558113846124387,35.09693645310689,102
train,audio_751.wav,2.881733915231524,17.845188413669003,137
train,audio_442.wav,4.953967130636867,141.73613583116344,79
train,audio_362.wav,3.4284977107853085,30.830291927176013,154
train,audio_311.wav,3.052900401824111,21.17667630657932,109
train,audio_724.wav,3.014827880859375,20.38558188973447,150
train,audio_39.wav,3.4620270681853342,31.881537107769603,101
train,audio_290.wav,3.2836276463099887,26.67235528144917,28
train,audio_23.wav,3.3832032738662345,29.46500458405774,82
train,audio_624.wav,3.473844320467203,32.26052415732291,101
train,audio_206.wav,2.9523510300969504,19.150925244457326,166
train,audio_288.wav,3.5443707808707523,34.617896245389545,103
train,audio_60.wav,3.6972552212801846,40.33643768163986,88
train,audio_80.wav,3.845945485432943,46.80291491221027,120
train,audio_214.wav,3.7211858910250375,41.31335821054398,166
train,audio_599.wav,3.826612931968522,45.90678520546771,137
train,audio_5063.wav,3.308529808407738,27.344893672154885,84
train,audio_207.wav,2.6991774036038305,14.867496744095448,93
train,audio_438.wav,2.9503840396278784,19.113292580706588,76
train,audio_332.wav,3.357738044691382,28.72414460971368,161
train,audio_159.wav,4.649238137637868,104.5053365576065,136
train,audio_478.wav,4.400328845512576,81.47765782212969,82
train,audio_46.wav,4.065230610214662,58.278346555027824,107
train,audio_130.wav,2.868097037912529,17.6034875367759,107
train,audio_437.wav,3.369885588345462,29.07520032571696,73
train,audio_771.wav,3.62676882276348,37.59115648118372,153
train,audio_759.wav,3.581753089779713,35.93648554261431,122
train,audio_25.wav,2.824993522799745,16.860835774725558,98
train,audio_191.wav,3.5554948493615903,35.00513795261152,67
train,audio_182.wav,3.511277940538194,33.49104000563535,54
train,audio_236.wav,2.700420331351365,14.885987457264816,79
train,audio_24.wav,4.029019869290865,56.205795215160656,117
train,audio_428.wav,3.936653868792808,51.246835449887655,146
train,audio_678.wav,3.45851126433797,31.76964468810333,173
train,audio_591.wav,4.688079833984375,108.64436417535642,73
train,audio_597.wav,4.10450909588788,60.612982080793714,148
train,audio_580.wav,3.447142714754157,31.4105151660298,109
train,audio_19.wav,3.0413797129755435,20.93410637728833,115
train,audio_476.wav,3.119914899553572,22.64445250815896,105
train,audio_375.wav,4.423289299011231,83.37006391052512,48
train,audio_642.wav,3.375884464808873,29.25014306593184,28
train,audio_66.wav,5.960783894856771,387.9140889432251,60
train,audio_186.wav,3.3501251422806293,28.50630076405376,151
train,audio_713.wav,3.464320806809414,31.954748953148727,162
train,audio_354.wav,3.356307983398437,28.68309667985772,134
train,audio_768.wav,3.07734861828032,21.700788977168383,168
train,audio_14.wav,3.759043147054951,42.90735030570336,89
train,audio_208.wav,2.8185397270030546,16.752369768880797,133
train,audio_418.wav,3.817994530521222,45.51284211964361,134
train,audio_212.wav,3.7423095703125,42.19533079754663,175
train,audio_177.wav,3.5015739327046407,33.16761449094843,134
train,audio_503.wav,3.969293731489992,52.94712274566092,153
train,audio_564.wav,4.491692469670222,89.27240893693782,52
train,audio_257.wav,4.92492091966712,137.6784535544099,115
train,audio_408.wav,3.0461325905539773,21.03384044627561,110
train,audio_468.wav,3.868487161303324,47.86991181870184,126
train,audio_574.wav,4.209307620399876,67.30991965730095,152
train,audio_26.wav,2.9657345094542573,19.40895406740721,138
train,audio_480.wav,3.4897100730020494,32.77644355266038,122
train,audio_706.wav,3.2816256819100214,26.61901158961462,145
train,audio_57.wav,3.78404568550282,43.99366672556392,133
train,audio_209.wav,3.1920736848021583,24.33884624423501,139
train,audio_712.wav,3.559496008831522,35.1454796693907,161
train,audio_353.wav,3.441442549856085,31.23197937518741,95
train,audio_575.wav,3.7931283804086537,44.39506792104408,130
train,audio_383.wav,3.121251176043254,22.67473198403756,82
train,audio_781.wav,3.235206310565655,25.411613922517507,104
train,audio_118.wav,3.6844554227941178,39.823429611658334,102
train,audio_337.wav,3.247268497242647,25.719989657301515,170
train,audio_715.wav,4.071504617039161,58.64513471157227,158
train,audio_323.wav,3.982432582922149,53.64737732191478,114
train,audio_374.wav,3.372955322265625,29.164590586354272,88
train,audio_348.wav,3.3906084225501543,29.68400719665713,81
train,audio_547.wav,4.573182605561756,96.85186105927332,105
train,audio_41.wav,2.91973876953125,18.53644454311876,107
train,audio_284.wav,3.7195671081542967,41.24653495470323,120
train,audio_13.wav,3.6249052902747847,37.521169371673565,116
train,audio_548.wav,4.060055940047555,57.97755425538888,138
train,audio_687.wav,3.415643664373868,30.43653403655483,138
train,audio_104.wav,2.6718897585008965,14.467283047503647,122
train,audio_181.wav,4.262430063883463,70.9822654810428,120
train,audio_755.wav,3.3744834617332176,29.20919221836304,108
train,audio_733.wav,3.195645454602364,24.42593443712477,156
train,audio_5072.wav,2.9191170716897035,18.52492405705808,156
train,audio_776.wav,3.2269569396972657,25.202846379272565,80
train,audio_70.wav,3.748039921627769,42.43781897455575,79
train,audio_49.wav,3.4305631197415867,30.894034893233403,104
train,audio_527.wav,3.2626885550362723,26.119666988527307,140
train,audio_273.wav,3.99287586827432,54.2105678528365,124
train,audio_139.wav,3.965185546875,52.73005237845515,70
train,audio_467.wav,4.527675961488045,92.5432369215808,149
train,audio_407.wav,3.2840561977652616,26.68378820774422,129
train,audio_404.wav,3.703835738332648,40.60274756499861,152
train,audio_534.wav,3.5331559444497698,34.23183107697321,163
train,audio_96.wav,3.347960127160904,28.44465095236025,94
train,audio_137.wav,4.243702898121843,69.66533847214608,99
train,audio_150.wav,3.4510929020306538,31.534837970907024,131
train,audio_339.wav,4.245346195441632,69.7799134507337,121
train,audio_409.wav,2.902251041296757,18.215102201668643,132
train,audio_78.wav,4.022361158288043,55.83278034548776,115
train,audio_244.wav,3.771530826534845,43.44652304520247,113
train,audio_752.wav,3.24802981140793,25.73957810529389,93
train,audio_508.wav,3.2311043739318848,25.307590586868145,128
train,audio_664.wav,3.891568206077398,48.98764904722562,86
train,audio_701.wav,3.754674275716146,42.720302504133926,108
train,audio_5044.wav,2.692453808254666,14.767869015718778,36
train,audio_734.wav,3.220554896763393,25.04201205814252,133
train,audio_51.wav,3.029199973824098,20.680680883331128,97
train,audio_704.wav,4.971997822800728,144.31491518889774,73
train,audio_129.wav,3.5981093897964014,36.52910681549552,99
train,audio_107.wav,3.8547842843191966,47.21843008678946,140
train,audio_143.wav,3.641081355168269,38.13304980888534,130
train,audio_458.wav,3.0761352918162848,21.67447480268231,161
train,audio_424.wav,3.928487515230792,50.83003983914537,109
train,audio_563.wav,4.42610364082532,83.60502624450719,117
train,audio_625.wav,4.495024948977353,89.5704036472411,89
train,audio_302.wav,3.7443451752533785,42.28131130288116,111
train,audio_154.wav,3.894514954205856,49.13221620726692,103
train,audio_754.wav,3.69619390015961,40.29365047789741,93
train,audio_749.wav,3.872722459876019,48.07308513402285,92
train,audio_366.wav,2.546491033380682,12.762242836810763,165
train,audio_693.wav,5.134141005478896,169.71847000566706,77
train,audio_608.wav,3.2482115730406744,25.744256998245195,126
train,audio_220.wav,3.2207645256362274,25.04726213716863,167
train,audio_761.wav,3.657663981119792,38.77066799102524,132
train,audio_640.wav,3.1795791314572703,24.03663515934561,98
train,audio_67.wav,3.008573924396055,20.25848917849501,141
train,audio_299.wav,3.247153759002685,25.717038760250013,128
train,audio_102.wav,3.133596884237753,22.95640274340488,111
train,audio_258.wav,3.603767796566612,36.73638925192456,76
train,audio_679.wav,4.215379835008742,67.71988336891106,143
train,audio_82.wav,3.8139474969161182,45.32902233144236,95
train,audio_325.wav,3.758005701509633,42.862859348730325,133
train,audio_399.wav,3.916666006113028,50.232689805691145,154
train,audio_285.wav,3.883120069316789,48.57553792511683,51
train,audio_784.wav,3.8022270981146367,44.80084935752896,98
train,audio_0.wav,3.151858038651316,23.37946419750048,95
train,audio_435.wav,3.685131508231963,39.85036275603128,149
train,audio_91.wav,4.157578874342512,63.9165850300036,101
train,audio_109.wav,4.126286097935268,61.94742850020626,98
train,audio_772.wav,3.05634217343088,21.24968716108744,59
train,audio_270.wav,3.4163646429357395,30.45848603760304,142
train,audio_528.wav,4.026451978854791,56.06165004488627,167
train,audio_441.wav,4.325733345095851,75.62094878234431,119
train,audio_381.wav,3.2591024862753377,26.02616781412704,148
train,audio_86.wav,3.4821605009191177,32.529927146994964,85
train,audio_101.wav,3.091968071169969,22.02037301921653,123
train,audio_333.wav,3.389031001499721,29.637219930155005,112
train,audio_149.wav,3.9281179668098094,50.81125914858536,151
train,audio_719.wav,3.846990021181778,46.851827771153424,142
train,audio_638.wav,3.708175794213219,40.77934871054945,113
train,audio_147.wav,3.298938569568453,27.083876008243653,126
train,audio_62.wav,3.939569887907609,51.39649029378028,92
train,audio_763.wav,3.0977008876515857,22.14697432087573,134
train,audio_498.wav,4.275715146745954,71.93156254277234,56
train,audio_1.wav,3.9848142530097337,53.77529995003971,122
train,audio_304.wav,3.8227930068969727,45.73175923158904,128
train,audio_347.wav,3.370343803179146,29.08852606659144,101
train,audio_560.wav,3.689485437729779,40.02424669044032,119
train,audio_452.wav,3.79508154296875,44.48186344084762,125
train,audio_716.wav,3.734320438269413,41.85956973380158,132
train,audio_473.wav,4.179238918608269,65.31612340609033,113
train,audio_95.wav,3.0659893488479875,21.45567864106133,118
train,audio_732.wav,3.095372517903646,22.09546796205177,132
train,audio_292.wav,2.80320778871194,16.49748242087552,156
train,audio_469.wav,4.2729034423828125,71.7295963222317,132
train,audio_329.wav,3.9422052317652208,51.53211635093314,116
train,audio_169.wav,3.838401591883296,46.45116714632236,113
train,audio_174.wav,4.241265237742457,69.49572485092777,145
train,audio_513.wav,4.319857197423136,75.17789192876049,62
train,audio_584.wav,3.470042407028074,32.13810529738928,123
train,audio_345.wav,3.346844179410461,28.412925913153263,141
train,audio_750.wav,3.0352439536704674,20.806052993402307,111
train,audio_116.wav,3.91542731391059,50.170505486088366,108
train,audio_114.wav,3.531297084263393,34.16825799411943,105
train,audio_157.wav,4.554149962308114,95.0259452595034,114
train,audio_385.wav,3.345373352961753,28.371166148446587,134
train,audio_264.wav,4.602422714233398,99.72562990916067,64
train,audio_390.wav,3.056790278508113,21.2592113875617,156
train,audio_766.wav,3.33591545952691,28.10409961658589,108
train,audio_571.wav,3.5553672860521788,35.000672866164535,109
train,audio_393.wav,3.335031150875235,28.079257903637103,133
train,audio_691.wav,3.4895289324331973,32.77050694672663,138
test,audio_128.wav,3.242748363597973,25.60399422164425,111
test,audio_156.wav,3.835921438116776,46.33610385547332,76
test,audio_19.wav,2.8972371419270835,18.12400208647472,135
test,audio_108.wav,4.641730643607475,103.72370110025946,74
test,audio_206.wav,3.656213684082031,38.71447976074651,100
test,audio_161.wav,4.520982173451206,91.92584077415128,114
test,audio_215.wav,3.953764884702621,52.131266040518895,124
test,audio_213.wav,3.571841320359564,35.582050823478525,83
test,audio_11.wav,2.677507920698686,14.548791339235418,88
test,audio_155.wav,3.1546338952105977,23.444452393771165,115
test,audio_39.wav,4.135405441810345,62.51493210020621,145
test,audio_168.wav,3.165794009254092,23.70756058408032,84
test,audio_133.wav,4.190519999682419,66.05713171855959,123
test,audio_28.wav,3.53138427734375,34.1712373596725,40
test,audio_40.wav,3.6704203287760415,39.268408033778286,144
test,audio_181.wav,3.716814878175585,41.13317107797168,139
test,audio_201.wav,3.3968864889705883,29.87095157605754,119
test,audio_182.wav,3.128835128525556,22.84734980928428,118
test,audio_126.wav,3.929705219884073,50.891973515994245,93
test,audio_10.wav,4.198538358094262,66.58893070448298,122
test,audio_134.wav,3.569811248779297,35.509889983951325,80
test,audio_69.wav,3.796309187605574,44.53650489521836,148
test,audio_112.wav,3.155380060643325,23.46195236186032,81
test,audio_180.wav,3.93004916576629,50.90948061129707,94
test,audio_177.wav,4.270406743531586,71.55073249895845,93
test,audio_77.wav,3.268749558782003,26.278459121726804,166
test,audio_111.wav,3.448668614329908,31.45848104404536,149
test,audio_18.wav,3.797857174928161,44.60550022836139,87
test,audio_175.wav,3.692442165585015,40.14276261884695,127
test,audio_33.wav,3.440367212835348,31.198412522608564,106
test,audio_15.wav,3.565300897720757,35.35008856522944,109
test,audio_4.wav,3.940507111725984,51.44468288876078,108
test,audio_27.wav,3.898706289438101,49.338577959635046,104
test,audio_96.wav,4.033807248485331,56.47551878914599,98
test,audio_116.wav,4.319994360999724,75.18820430452281,113
test,audio_1.wav,3.4562008154653285,31.69632727902715,137
test,audio_22.wav,3.297398721018145,27.04220303430425,124
test,audio_114.wav,3.5583476128979266,35.10514190974685,107
test,audio_146.wav,3.134421300406408,22.97533617644249,99
test,audio_46.wav,3.49816959809492,33.05489281303529,187
test,audio_144.wav,3.256596447172619,25.9610268768506,105
test,audio_75.wav,3.666354682501845,39.10908068075819,127
test,audio_200.wav,3.82978006011074,46.05240835867891,103
test,audio_196.wav,3.6236182903421335,37.47291069034022,116
test,audio_190.wav,3.2176119290865386,24.96842256495549,130
test,audio_158.wav,3.859589651729284,47.4458780396971,89
test,audio_17.wav,4.058328683035715,57.877498554103376,105
test,audio_105.wav,4.173509870256696,64.9429940356322,154
test,audio_141.wav,3.769175490287885,43.34431229226743,73
test,audio_129.wav,3.2925079345703123,26.910268289503005,100
test,audio_6.wav,3.3831138610839844,29.46237015379649,128
test,audio_70.wav,2.8789238823784724,17.79511323735364,180
test,audio_35.wav,2.5495633678276,12.801513009760736,119
test,audio_203.wav,3.412257080078125,30.33363248909984,125
test,audio_90.wav,4.062955947149368,58.145933607126736,84
test,audio_16.wav,3.81766110374814,45.497669449189694,84
test,audio_138.wav,4.559679303850446,95.55283149078868,105
test,audio_100.wav,4.727438449859619,113.0057214644834,128
test,audio_115.wav,3.8461817090756414,46.81397217320163,107
test,audio_118.wav,3.625244140625,37.53388558738105,81
test,audio_137.wav,4.0652923583984375,58.281945248186304,132
test,audio_101.wav,3.949224371659128,51.895099910523335,114
test,audio_193.wav,3.697900325693983,40.36246729063029,94
test,audio_102.wav,2.6763294147995285,14.53165560208346,159
test,audio_52.wav,3.4179713393702653,30.507462913470576,165
test,audio_172.wav,4.219889115314095,68.02594083611764,98
test,audio_191.wav,3.2295882161458334,25.26924935937365,75
test,audio_194.wav,2.9144514698093222,18.43869544714333,118
test,audio_67.wav,4.16723496573312,64.53675882510251,112
test,audio_160.wav,3.2873736213235296,26.772456629405347,85
test,audio_179.wav,3.598713039122906,36.55116424302835,97
test,audio_55.wav,3.935095943621735,51.16705887410585,134
test,audio_145.wav,3.59627685546875,36.46222727154388,95
test,audio_197.wav,3.9760194505964006,53.30443044945693,112
test,audio_139.wav,3.865195416389628,47.712595344856176,94
test,audio_91.wav,3.710245169845282,40.863823876341485,102
test,audio_8.wav,2.9415151742788463,18.94452884007685,65
test,audio_136.wav,2.781662180453916,16.14583594909514,79
test,audio_199.wav,4.418315095721551,82.95639395652579,106
test,audio_110.wav,3.00808565116223,20.24859991499922,162
test,audio_208.wav,3.5887304812061545,36.18810527258888,98
test,audio_152.wav,2.831097514689469,16.964068926180378,119
test,audio_94.wav,3.035750397538717,20.816592760038105,113
test,audio_174.wav,4.477594375610352,88.0226682987398,96
test,audio_23.wav,3.696444155564949,40.30373544358628,134
test,audio_56.wav,5.042263997395834,154.82013091883016,150
test,audio_97.wav,3.8703524271647134,47.95928525770489,96
test,audio_148.wav,3.03245947265625,20.748199517194205,125
test,audio_59.wav,3.873505803464933,48.11075763038976,131
test,audio_5.wav,3.352761062921262,28.58154022969192,102
test,audio_119.wav,3.5526656087239585,34.90623996286579,150
test,audio_80.wav,2.83731640625,17.06989535172389,125
test,audio_58.wav,4.506307230367289,90.58668434765214,154
test,audio_123.wav,3.3995729039927,29.95130523240612,122
test,audio_188.wav,3.2762374877929688,26.47596890491714,92
test,audio_121.wav,4.13642333984375,62.57859832401433,100
test,audio_107.wav,4.69272698296441,109.15042568238717,9
test,audio_214.wav,3.653837233323317,38.62258593976383,130
test,audio_73.wav,3.504441604115605,33.26286481884053,153
test,audio_169.wav,3.64486409124927,38.27757024127338,107
test,audio_7.wav,2.953839807702391,19.179457947239072,149
test,audio_42.wav,2.7200927734375,15.181730640960778,100
test,audio_88.wav,2.8098866230732686,16.608035144056426,148
test,audio_64.wav,4.758455088440801,116.56570301863032,71
test,audio_195.wav,3.919469940528441,50.373736624020445,89
test,audio_57.wav,4.1733422217431,64.93210735180733,154
test,audio_13.wav,3.78437608775526,44.008204733706215,101
test,audio_125.wav,3.2959244467995386,27.00236478502402,88
test,audio_209.wav,4.37242958762429,79.23590861114052,110
test,audio_211.wav,4.141456460053066,62.89435789326817,106
test,audio_63.wav,3.533676275686056,34.24964760280329,119
test,audio_86.wav,3.4098070187676224,30.259404198793863,133
test,audio_78.wav,3.5803094908248547,35.88464509705309,129
test,audio_38.wav,4.234914365022079,69.05576489140412,92
test,audio_186.wav,3.723988234394728,41.42929479719536,99
test,audio_154.wav,3.566414211107337,35.389466207806926,92
test,audio_21.wav,3.7704879097316577,43.40123555592516,138
test,audio_120.wav,4.396736236939947,81.18546567044763,83
test,audio_183.wav,3.776202786353328,43.64997835256114,124
test,audio_25.wav,4.590880267387997,98.58116976813956,113
test,audio_122.wav,3.658755467942924,38.81300876725761,121
test,audio_36.wav,4.219819680238381,68.02121761374578,156
test,audio_76.wav,3.298191292576058,27.06364441108285,189
test,audio_163.wav,4.783973487647804,119.5785512008203,74
test,audio_83.wav,2.9669587733381886,19.43273030011863,118
test,audio_103.wav,4.506673422204443,90.61986252643344,83
test,audio_93.wav,3.548050653366816,34.74552036588189,126
test,audio_26.wav,3.0627083914620536,21.38539882933237,105
test,audio_72.wav,3.1943102580745046,24.39334277725206,164
test,audio_210.wav,3.668850880748821,39.20682664529235,159
test,audio_104.wav,3.847109759295429,46.8574380565076,54
test,audio_81.wav,3.2899470706637817,26.84144291854273,139
test,audio_166.wav,3.52914794921875,34.09490464481027,100
test,audio_202.wav,3.324129740397136,27.77481682090833,120
test,audio_185.wav,3.587656091760706,36.14924603294967,108
test,audio_9.wav,4.54756514231364,94.40227215625455,96
test,audio_207.wav,3.9240617848405934,50.60557685979015,99
test,audio_127.wav,3.4470184578383263,31.406612434766306,121
test,audio_12.wav,3.8250278379858993,45.83407627694309,82
test,audio_132.wav,3.528841059258644,34.084442866273506,94
test,audio_109.wav,3.583727872824367,36.007522423076246,79
test,audio_32.wav,3.7229088955238216,41.38460267223909,122
test,audio_178.wav,3.2420255220853367,25.58549327916173,91
test,audio_61.wav,3.310727883841245,27.40506591850873,131
test,audio_34.wav,3.3138258713942306,27.490098117952527,130
test,audio_106.wav,4.0960265612993085,60.10100486586515,61
test,audio_49.wav,3.68735534187377,39.93908194516216,127
test,audio_149.wav,3.157902308872768,23.52120392182349,98
test,audio_30.wav,3.241671225182096,25.576430023761507,133
test,audio_131.wav,3.0570824032738093,21.26542263689289,105
test,audio_162.wav,4.556877486202695,95.28548458475838,109
test,audio_204.wav,3.211996375967604,24.82860400843629,109
test,audio_198.wav,3.29186281383547,26.89291351601329,117
test,audio_135.wav,3.65392098060021,38.62582061160844,104
test,audio_187.wav,3.2131520280934343,24.85731382352424,99
test,audio_3.wav,3.836664322319381,46.37053900411811,109
test,audio_98.wav,3.381591574118956,29.41755409186053,137
test,audio_159.wav,3.257579844485047,25.98656943809376,93
test,audio_167.wav,3.764504825367647,43.142337578631896,85
test,audio_205.wav,3.5136703019289626,33.57125859434852,97
test,audio_95.wav,3.6548046733057777,38.65996905367181,86
test,audio_68.wav,3.643858689528245,38.23910524590256,156
test,audio_31.wav,4.445079746531017,85.2066725029451,134
test,audio_157.wav,4.288984627559267,72.89241795922169,87
test,audio_89.wav,4.104976851851852,60.64134079661829,135
test,audio_82.wav,3.4829653785342263,32.556120296902655,105
test,audio_53.wav,3.6996434877996576,40.43288697273201,146
test,audio_37.wav,3.503643329326923,33.23632250789464,182
test,audio_113.wav,3.260741678873698,26.068864700421265,120
test,audio_85.wav,2.8657090928819446,17.561501526285387,180
test,audio_173.wav,3.307746814546131,27.32349116837128,105
test,audio_41.wav,3.851212590377523,47.050081130555576,161
test,audio_51.wav,3.776084243067053,43.64480424736525,151
test,audio_143.wav,3.161209378923689,23.599118955100312,112
test,audio_92.wav,4.438134365394467,84.6169300507665,122
test,audio_74.wav,3.2018652921597632,24.578333238091524,169
test,audio_0.wav,3.539832998853211,34.461163656430024,109
test,audio_147.wav,3.165514959805253,23.70094592531738,138
test,audio_130.wav,2.9064010228866186,18.29085161107507,117
test,audio_192.wav,3.888617789391244,48.84332807825105,101
test,audio_43.wav,3.3899879455566406,29.66559466598288,192
test,audio_65.wav,4.164336794898624,64.34999104611563,84
test,audio_14.wav,3.738511992663872,42.03539462965278,123
test,audio_117.wav,3.2588513382082063,26.019632213121817,123
test,audio_212.wav,4.661982633629624,105.84572756198692,98
test,audio_79.wav,3.567662198778609,35.43365939586829,142
test,audio_171.wav,3.367887033999545,29.017149985449645,103
test,audio_60.wav,4.343274568256579,76.95913512061668,152
test,audio_153.wav,3.2066136021767893,24.69531630013445,124
test,audio_176.wav,3.4236682710193453,30.68175784623949,84
test,audio_2.wav,2.977540428958722,19.63945256290604,134
test,audio_50.wav,3.8013861240484776,44.76318884305496,78
test,audio_29.wav,4.47036396373402,87.38852347929779,44
test,audio_142.wav,3.4812240600585938,32.49947905266953,96
test,audio_47.wav,3.0666624635130493,21.470125634699645,91
test,audio_84.wav,3.0335127804257453,20.77006527061109,109
test,audio_164.wav,3.484067886594742,32.592033475595834,63
test,audio_48.wav,2.9171292986188617,18.488137285867424,70
test,audio_189.wav,3.3949611012528584,29.813493744827607,82
test,audio_151.wav,3.1470909511920104,23.26827747589332,97
test,audio_66.wav,2.886285750592341,17.92660192318798,61
test,audio_44.wav,3.110542716560783,22.433215975411496,91
test,audio_150.wav,3.407741001674107,30.19695228805141,126
test,audio_87.wav,2.980416317114094,19.696014726153145,149
test,audio_99.wav,4.3005259444073936,73.7385658890325,82
test,audio_62.wav,3.949626410185401,51.915967934605874,134
test,audio_20.wav,3.811813766891892,45.23240554924589,111
test,audio_124.wav,3.818464726987093,45.5342471290455,115
test,audio_54.wav,3.811939961201436,45.23811398161145,148
test,audio_45.wav,2.847734559257076,17.248661724115156,212
test,audio_71.wav,2.5202040398257903,12.43113285100842,174
test,audio_184.wav,4.030119323730469,56.26762490947909,120
test,audio_24.wav,2.869197629532724,17.62287245312658,106
test,audio_140.wav,3.4410773383246527,31.2205751787689,108
test,audio_165.wav,4.109898307106712,60.94052003670401,88
test,audio_170.wav,2.7274212703526577,15.29339858644932,107
