split,filename,done
train,audio_192.wav,True
train,audio_436.wav,True
train,audio_447.wav,True
train,audio_126.wav,True
train,audio_61.wav,True
train,audio_639.wav,True
train,audio_703.wav,True
train,audio_509.wav,True
train,audio_672.wav,True
train,audio_344.wav,True
train,audio_592.wav,True
train,audio_705.wav,True
train,audio_497.wav,True
train,audio_702.wav,True
train,audio_598.wav,True
train,audio_99.wav,True
train,audio_194.wav,True
train,audio_5055.wav,True
train,audio_178.wav,True
train,audio_609.wav,True
train,audio_77.wav,True
train,audio_18.wav,True
train,audio_9.wav,True
train,audio_138.wav,True
train,audio_269.wav,True
train,audio_717.wav,True
train,audio_529.wav,True
train,audio_578.wav,True
train,audio_171.wav,True
train,audio_596.wav,True
train,audio_5066.wav,True
train,audio_501.wav,True
train,audio_8.wav,True
train,audio_84.wav,True
train,audio_11.wav,True
train,audio_142.wav,True
train,audio_610.wav,True
train,audio_654.wav,True
train,audio_170.wav,True
train,audio_255.wav,True
train,audio_162.wav,True
train,audio_5069.wav,True
train,audio_769.wav,True
train,audio_720.wav,True
train,audio_623.wav,True
train,audio_718.wav,True
train,audio_136.wav,True
train,audio_119.wav,True
train,audio_542.wav,True
train,audio_5073.wav,True
train,audio_322.wav,True
train,audio_5039.wav,True
train,audio_707.wav,True
train,audio_148.wav,True
train,audio_316.wav,True
train,audio_647.wav,True
train,audio_286.wav,True
train,audio_92.wav,True
train,audio_462.wav,True
train,audio_376.wav,True
train,audio_76.wav,True
train,audio_105.wav,True
train,audio_355.wav,True
train,audio_663.wav,True
train,audio_767.wav,True
train,audio_655.wav,True
train,audio_372.wav,True
train,audio_667.wav,True
train,audio_517.wav,True
train,audio_765.wav,True
train,audio_38.wav,True
train,audio_371.wav,True
train,audio_507.wav,True
train,audio_5056.wav,True
train,audio_282.wav,True
train,audio_459.wav,True
train,audio_303.wav,True
train,audio_297.wav,True
train,audio_432.wav,True
train,audio_454.wav,True
train,audio_482.wav,True
train,audio_484.wav,True
train,audio_757.wav,True
train,audio_773.wav,True
train,audio_668.wav,True
train,audio_240.wav,True
train,audio_163.wav,True
train,audio_659.wav,True
train,audio_532.wav,True
train,audio_464.wav,True
train,audio_5.wav,True
train,audio_231.wav,True
train,audio_384.wav,True
train,audio_54.wav,True
train,audio_656.wav,True
train,audio_444.wav,True
train,audio_5062.wav,True
train,audio_312.wav,True
train,audio_120.wav,True
train,audio_446.wav,True
train,audio_546.wav,True
train,audio_430.wav,True
train,audio_179.wav,True
train,audio_674.wav,True
train,audio_737.wav,True
train,audio_669.wav,True
train,audio_540.wav,True
train,audio_692.wav,True
train,audio_572.wav,True
train,audio_479.wav,True
train,audio_419.wav,True
train,audio_5037.wav,True
train,audio_433.wav,True
train,audio_405.wav,True
train,audio_267.wav,True
train,audio_358.wav,True
train,audio_331.wav,True
train,audio_487.wav,True
train,audio_494.wav,True
train,audio_536.wav,True
train,audio_634.wav,True
train,audio_317.wav,True
train,audio_5054.wav,True
train,audio_723.wav,True
train,audio_155.wav,True
train,audio_410.wav,True
train,audio_251.wav,True
train,audio_779.wav,True
train,audio_382.wav,True
train,audio_559.wav,True
train,audio_161.wav,True
train,audio_535.wav,True
train,audio_363.wav,True
train,audio_5057.wav,True
train,audio_660.wav,True
train,audio_293.wav,True
train,audio_74.wav,True
train,audio_215.wav,True
train,audio_228.wav,True
train,audio_602.wav,True
train,audio_396.wav,True
train,audio_576.wav,True
train,audio_5040.wav,True
train,audio_198.wav,True
train,audio_600.wav,True
train,audio_710.wav,True
train,audio_246.wav,True
train,audio_490.wav,True
train,audio_657.wav,True
train,audio_688.wav,True
train,audio_698.wav,True
train,audio_499.wav,True
train,audio_463.wav,True
train,audio_604.wav,True
train,audio_97.wav,True
train,audio_234.wav,True
train,audio_782.wav,True
train,audio_758.wav,True
train,audio_727.wav,True
train,audio_643.wav,True
train,audio_261.wav,True
train,audio_205.wav,True
train,audio_128.wav,True
train,audio_650.wav,True
train,audio_35.wav,True
train,audio_141.wav,True
train,audio_260.wav,True
train,audio_722.wav,True
train,audio_5047.wav,True
train,audio_324.wav,True
train,audio_279.wav,True
train,audio_450.wav,True
train,audio_32.wav,True
train,audio_254.wav,True
train,audio_544.wav,True
train,audio_176.wav,True
train,audio_301.wav,True
train,audio_213.wav,True
train,audio_295.wav,True
train,audio_40.wav,True
train,audio_496.wav,True
train,audio_45.wav,True
train,audio_146.wav,True
train,audio_415.wav,True
train,audio_595.wav,True
train,audio_783.wav,True
train,audio_673.wav,True
train,audio_48.wav,True
train,audio_777.wav,True
train,audio_330.wav,True
train,audio_200.wav,True
train,audio_259.wav,True
train,audio_721.wav,True
train,audio_223.wav,True
train,audio_175.wav,True
train,audio_400.wav,True
train,audio_506.wav,True
train,audio_153.wav,True
train,audio_5050.wav,True
train,audio_281.wav,True
train,audio_543.wav,True
train,audio_445.wav,True
train,audio_124.wav,True
train,audio_249.wav,True
train,audio_420.wav,True
train,audio_203.wav,True
train,audio_278.wav,True
train,audio_516.wav,True
train,audio_326.wav,True
train,audio_603.wav,True
train,audio_199.wav,True
train,audio_406.wav,True
train,audio_538.wav,True
train,audio_631.wav,True
train,audio_5061.wav,True
train,audio_196.wav,True
train,audio_756.wav,True
train,audio_649.wav,True
train,audio_27.wav,True
train,audio_681.wav,True
train,audio_556.wav,True
train,audio_185.wav,True
train,audio_369.wav,True
train,audio_241.wav,True
train,audio_98.wav,True
train,audio_389.wav,True
train,audio_357.wav,True
train,audio_112.wav,True
train,audio_675.wav,True
train,audio_113.wav,True
train,audio_483.wav,True
train,audio_474.wav,True
train,audio_725.wav,True
train,audio_774.wav,True
train,audio_588.wav,True
train,audio_395.wav,True
train,audio_210.wav,True
train,audio_309.wav,True
train,audio_457.wav,True
train,audio_492.wav,True
train,audio_738.wav,True
train,audio_305.wav,True
train,audio_123.wav,True
train,audio_5053.wav,True
train,audio_89.wav,True
train,audio_747.wav,True
train,audio_115.wav,True
train,audio_235.wav,True
train,audio_414.wav,True
train,audio_56.wav,True
train,audio_43.wav,True
train,audio_394.wav,True
train,audio_423.wav,True
train,audio_579.wav,True
train,audio_172.wav,True
train,audio_144.wav,True
train,audio_151.wav,True
train,audio_65.wav,True
train,audio_481.wav,True
train,audio_262.wav,True
train,audio_229.wav,True
train,audio_22.wav,True
train,audio_434.wav,True
train,audio_488.wav,True
train,audio_439.wav,True
train,audio_160.wav,True
train,audio_594.wav,True
train,audio_651.wav,True
train,audio_569.wav,True
train,audio_440.wav,True
train,audio_658.wav,True
train,audio_274.wav,True
train,audio_5065.wav,True
train,audio_158.wav,True
train,audio_493.wav,True
train,audio_646.wav,True
train,audio_64.wav,True
train,audio_451.wav,True
train,audio_277.wav,True
train,audio_491.wav,True
train,audio_52.wav,True
train,audio_743.wav,True
train,audio_243.wav,True
train,audio_661.wav,True
train,audio_456.wav,True
train,audio_90.wav,True
train,audio_735.wav,True
train,audio_775.wav,True
train,audio_587.wav,True
train,audio_103.wav,True
train,audio_111.wav,True
train,audio_421.wav,True
train,audio_683.wav,True
train,audio_152.wav,True
train,audio_134.wav,True
train,audio_12.wav,True
train,audio_232.wav,True
train,audio_36.wav,True
train,audio_268.wav,True
train,audio_68.wav,True
train,audio_729.wav,True
train,audio_247.wav,True
train,audio_224.wav,True
train,audio_425.wav,True
train,audio_392.wav,True
train,audio_615.wav,True
train,audio_245.wav,True
train,audio_271.wav,True
train,audio_321.wav,True
train,audio_5043.wav,True
train,audio_187.wav,True
train,audio_221.wav,True
train,audio_219.wav,True
train,audio_601.wav,True
train,audio_100.wav,True
train,audio_227.wav,True
train,audio_411.wav,True
train,audio_28.wav,True
train,audio_653.wav,True
train,audio_29.wav,True
train,audio_470.wav,True
train,audio_356.wav,True
train,audio_365.wav,True
train,audio_58.wav,True
train,audio_708.wav,True
train,audio_319.wav,True
train,audio_5067.wav,True
train,audio_135.wav,True
train,audio_612.wav,True
train,audio_373.wav,True
train,audio_680.wav,True
train,audio_63.wav,True
train,audio_700.wav,True
train,audio_429.wav,True
train,audio_745.wav,True
train,audio_731.wav,True
train,audio_461.wav,True
train,audio_79.wav,True
train,audio_5038.wav,True
train,audio_760.wav,True
train,audio_72.wav,True
train,audio_696.wav,True
train,audio_744.wav,True
train,audio_662.wav,True
train,audio_570.wav,True
train,audio_10.wav,True
train,audio_628.wav,True
train,audio_606.wav,True
train,audio_73.wav,True
train,audio_605.wav,True
train,audio_106.wav,True
train,audio_306.wav,True
train,audio_75.wav,True
train,audio_550.wav,True
train,audio_340.wav,True
train,audio_272.wav,True
train,audio_518.wav,True
train,audio_34.wav,True
train,audio_87.wav,True
train,audio_211.wav,True
train,audio_431.wav,True
train,audio_555.wav,True
train,audio_648.wav,True
train,audio_5051.wav,True
train,audio_422.wav,True
train,audio_627.wav,True
train,audio_122.wav,True
train,audio_88.wav,True
train,audio_165.wav,True
train,audio_276.wav,True
train,audio_746.wav,True
train,audio_252.wav,True
train,audio_266.wav,True
train,audio_611.wav,True
train,audio_5058.wav,True
train,audio_81.wav,True
train,audio_3.wav,True
train,audio_21.wav,True
train,audio_190.wav,True
train,audio_189.wav,True
train,audio_519.wav,True
train,audio_748.wav,True
train,audio_505.wav,True
train,audio_361.wav,True
train,audio_5052.wav,True
train,audio_16.wav,True
train,audio_327.wav,True
train,audio_313.wav,True
train,audio_589.wav,True
train,audio_416.wav,True
train,audio_762.wav,True
train,audio_714.wav,True
train,audio_455.wav,True
train,audio_42.wav,True
train,audio_561.wav,True
train,audio_226.wav,True
train,audio_110.wav,True
train,audio_739.wav,True
train,audio_504.wav,True
train,audio_379.wav,True
train,audio_520.wav,True
train,audio_5068.wav,True
train,audio_30.wav,True
train,audio_5041.wav,True
train,audio_485.wav,True
train,audio_475.wav,True
train,audio_145.wav,True
train,audio_308.wav,True
train,audio_184.wav,True
train,audio_586.wav,True
train,audio_398.wav,True
train,audio_726.wav,True
train,audio_466.wav,True
train,audio_218.wav,True
train,audio_644.wav,True
train,audio_351.wav,True
train,audio_248.wav,True
train,audio_83.wav,True
train,audio_71.wav,True
train,audio_287.wav,True
train,audio_367.wav,True
train,audio_166.wav,True
train,audio_94.wav,True
train,audio_108.wav,True
train,audio_511.wav,True
train,audio_5059.wav,True
train,audio_310.wav,True
train,audio_50.wav,True
train,audio_6.wav,True
train,audio_515.wav,True
train,audio_742.wav,True
train,audio_545.wav,True
train,audio_489.wav,True
train,audio_697.wav,True
train,audio_225.wav,True
train,audio_553.wav,True
train,audio_237.wav,True
train,audio_197.wav,True
train,audio_449.wav,True
train,audio_567.wav,True
train,audio_477.wav,True
train,audio_728.wav,True
train,audio_377.wav,True
train,audio_633.wav,True
train,audio_690.wav,True
train,audio_525.wav,True
train,audio_31.wav,True
train,audio_676.wav,True
train,audio_263.wav,True
train,audio_5070.wav,True
train,audio_510.wav,True
train,audio_577.wav,True
train,audio_230.wav,True
train,audio_314.wav,True
train,audio_641.wav,True
train,audio_689.wav,True
train,audio_352.wav,True
train,audio_193.wav,True
train,audio_5049.wav,True
train,audio_300.wav,True
train,audio_581.wav,True
train,audio_164.wav,True
train,audio_502.wav,True
train,audio_380.wav,True
train,audio_15.wav,True
train,audio_238.wav,True
train,audio_53.wav,True
train,audio_283.wav,True
train,audio_614.wav,True
train,audio_121.wav,True
train,audio_216.wav,True
train,audio_552.wav,True
train,audio_514.wav,True
train,audio_593.wav,True
train,audio_565.wav,True
train,audio_140.wav,True
train,audio_117.wav,True
train,audio_495.wav,True
train,audio_652.wav,True
train,audio_645.wav,True
train,audio_242.wav,True
train,audio_4.wav,True
train,audio_93.wav,True
train,audio_582.wav,True
train,audio_222.wav,True
train,audio_5042.wav,True
train,audio_253.wav,True
train,audio_167.wav,True
train,audio_583.wav,True
train,audio_682.wav,True
train,audio_5045.wav,True
train,audio_173.wav,True
train,audio_338.wav,True
train,audio_188.wav,True
train,audio_59.wav,True
train,audio_318.wav,True
train,audio_17.wav,True
train,audio_551.wav,True
train,audio_275.wav,True
train,audio_368.wav,True
train,audio_730.wav,True
train,audio_5060.wav,True
train,audio_685.wav,True
train,audio_7.wav,True
train,audio_204.wav,True
train,audio_5064.wav,True
train,audio_127.wav,True
train,audio_412.wav,True
train,audio_132.wav,True
train,audio_156.wav,True
train,audio_426.wav,True
train,audio_709.wav,True
train,audio_291.wav,True
train,audio_523.wav,True
train,audio_632.wav,True
train,audio_684.wav,True
train,audio_512.wav,True
train,audio_764.wav,True
train,audio_585.wav,True
train,audio_562.wav,True
train,audio_465.wav,True
train,audio_37.wav,True
train,audio_47.wav,True
train,audio_233.wav,True
train,audio_621.wav,True
train,audio_590.wav,True
train,audio_349.wav,True
train,audio_387.wav,True
train,audio_630.wav,True
train,audio_5046.wav,True
train,audio_183.wav,True
train,audio_607.wav,True
train,audio_133.wav,True
train,audio_443.wav,True
train,audio_55.wav,True
train,audio_686.wav,True
train,audio_740.wav,True
train,audio_699.wav,True
train,audio_44.wav,True
train,audio_500.wav,True
train,audio_265.wav,True
train,audio_125.wav,True
train,audio_413.wav,True
train,audio_256.wav,True
train,audio_350.wav,True
train,audio_364.wav,True
train,audio_131.wav,True
train,audio_168.wav,True
train,audio_557.wav,True
train,audio_670.wav,True
train,audio_342.wav,True
train,audio_2.wav,True
train,audio_5048.wav,True
train,audio_741.wav,True
train,audio_294.wav,True
train,audio_370.wav,True
train,audio_417.wav,True
train,audio_753.wav,True
train,audio_533.wav,True
train,audio_239.wav,True
train,audio_566.wav,True
train,audio_736.wav,True
train,audio_541.wav,True
train,audio_531.wav,True
train,audio_280.wav,True
train,audio_33.wav,True
train,audio_307.wav,True
train,audio_617.wav,True
train,audio_613.wav,True
train,audio_472.wav,True
train,audio_568.wav,True
train,audio_521.wav,True
train,audio_401.wav,True
train,audio_573.wav,True
train,audio_180.wav,True
train,audio_320.wav,True
train,audio_85.wav,True
train,audio_296.wav,True
train,audio_250.wav,True
train,audio_346.wav,True
train,audio_335.wav,True
train,audio_20.wav,True
train,audio_5071.wav,True
train,audio_558.wav,True
train,audio_289.wav,True
train,audio_620.wav,True
train,audio_665.wav,True
train,audio_751.wav,True
train,audio_442.wav,True
train,audio_362.wav,True
train,audio_311.wav,True
train,audio_724.wav,True
train,audio_39.wav,True
train,audio_290.wav,True
train,audio_23.wav,True
train,audio_624.wav,True
train,audio_206.wav,True
train,audio_288.wav,True
train,audio_60.wav,True
train,audio_80.wav,True
train,audio_214.wav,True
train,audio_599.wav,True
train,audio_5063.wav,True
train,audio_207.wav,True
train,audio_438.wav,True
train,audio_332.wav,True
train,audio_159.wav,True
train,audio_478.wav,True
train,audio_46.wav,True
train,audio_130.wav,True
train,audio_437.wav,True
train,audio_771.wav,True
train,audio_759.wav,True
train,audio_25.wav,True
train,audio_191.wav,True
train,audio_182.wav,True
train,audio_236.wav,True
train,audio_24.wav,True
train,audio_428.wav,True
train,audio_678.wav,True
train,audio_591.wav,True
train,audio_597.wav,True
train,audio_580.wav,True
train,audio_19.wav,True
train,audio_476.wav,True
train,audio_375.wav,True
train,audio_642.wav,True
train,audio_66.wav,True
train,audio_186.wav,True
train,audio_713.wav,True
train,audio_354.wav,True
train,audio_768.wav,True
train,audio_14.wav,True
train,audio_208.wav,True
train,audio_418.wav,True
train,audio_212.wav,True
train,audio_177.wav,True
train,audio_503.wav,True
train,audio_564.wav,True
train,audio_257.wav,True
train,audio_408.wav,True
train,audio_468.wav,True
train,audio_574.wav,True
train,audio_26.wav,True
train,audio_480.wav,True
train,audio_706.wav,True
train,audio_57.wav,True
train,audio_209.wav,True
train,audio_712.wav,True
train,audio_353.wav,True
train,audio_575.wav,True
train,audio_383.wav,True
train,audio_781.wav,True
train,audio_118.wav,True
train,audio_337.wav,True
train,audio_715.wav,True
train,audio_323.wav,True
train,audio_374.wav,True
train,audio_348.wav,True
train,audio_547.wav,True
train,audio_41.wav,True
train,audio_284.wav,True
train,audio_13.wav,True
train,audio_548.wav,True
train,audio_687.wav,True
train,audio_104.wav,True
train,audio_181.wav,True
train,audio_755.wav,True
train,audio_733.wav,True
train,audio_5072.wav,True
train,audio_776.wav,True
train,audio_70.wav,True
train,audio_49.wav,True
train,audio_527.wav,True
train,audio_273.wav,True
train,audio_139.wav,True
train,audio_467.wav,True
train,audio_407.wav,True
train,audio_404.wav,True
train,audio_534.wav,True
train,audio_96.wav,True
train,audio_137.wav,True
train,audio_150.wav,True
train,audio_339.wav,True
train,audio_409.wav,True
train,audio_78.wav,True
train,audio_244.wav,True
train,audio_752.wav,True
train,audio_508.wav,True
train,audio_664.wav,True
train,audio_701.wav,True
train,audio_5044.wav,True
train,audio_734.wav,True
train,audio_51.wav,True
train,audio_704.wav,True
train,audio_129.wav,True
train,audio_107.wav,True
train,audio_143.wav,True
train,audio_458.wav,True
train,audio_424.wav,True
train,audio_563.wav,True
train,audio_625.wav,True
train,audio_302.wav,True
train,audio_154.wav,True
train,audio_754.wav,True
train,audio_749.wav,True
train,audio_366.wav,True
train,audio_693.wav,True
train,audio_608.wav,True
train,audio_220.wav,True
train,audio_761.wav,True
train,audio_640.wav,True
train,audio_67.wav,True
train,audio_299.wav,True
train,audio_102.wav,True
train,audio_258.wav,True
train,audio_679.wav,True
train,audio_82.wav,True
train,audio_325.wav,True
train,audio_399.wav,True
train,audio_285.wav,True
train,audio_784.wav,True
train,audio_0.wav,True
train,audio_435.wav,True
train,audio_91.wav,True
train,audio_109.wav,True
train,audio_772.wav,True
train,audio_270.wav,True
train,audio_528.wav,True
train,audio_441.wav,True
train,audio_381.wav,True
train,audio_86.wav,True
train,audio_101.wav,True
train,audio_333.wav,True
train,audio_149.wav,True
train,audio_719.wav,True
train,audio_638.wav,True
train,audio_147.wav,True
train,audio_62.wav,True
train,audio_763.wav,True
train,audio_498.wav,True
train,audio_1.wav,True
train,audio_304.wav,True
train,audio_347.wav,True
train,audio_560.wav,True
train,audio_452.wav,True
train,audio_716.wav,True
train,audio_473.wav,True
train,audio_95.wav,True
train,audio_732.wav,True
train,audio_292.wav,True
train,audio_469.wav,True
train,audio_329.wav,True
train,audio_169.wav,True
train,audio_174.wav,True
train,audio_513.wav,True
train,audio_584.wav,True
train,audio_345.wav,True
train,audio_750.wav,True
train,audio_116.wav,True
train,audio_114.wav,True
train,audio_157.wav,True
train,audio_385.wav,True
train,audio_264.wav,True
train,audio_390.wav,True
train,audio_766.wav,True
train,audio_571.wav,True
train,audio_393.wav,True
train,audio_691.wav,True
test,audio_128.wav,True
test,audio_156.wav,True
test,audio_19.wav,True
test,audio_108.wav,True
test,audio_206.wav,True
test,audio_161.wav,True
test,audio_215.wav,True
test,audio_213.wav,True
test,audio_11.wav,True
test,audio_155.wav,True
test,audio_39.wav,True
test,audio_168.wav,True
test,audio_133.wav,True
test,audio_28.wav,True
test,audio_40.wav,True
test,audio_181.wav,True
test,audio_201.wav,True
test,audio_182.wav,True
test,audio_126.wav,True
test,audio_10.wav,True
test,audio_134.wav,True
test,audio_69.wav,True
test,audio_112.wav,True
test,audio_180.wav,True
test,audio_177.wav,True
test,audio_77.wav,True
test,audio_111.wav,True
test,audio_18.wav,True
test,audio_175.wav,True
test,audio_33.wav,True
test,audio_15.wav,True
test,audio_4.wav,True
test,audio_27.wav,True
test,audio_96.wav,True
test,audio_116.wav,True
test,audio_1.wav,True
test,audio_22.wav,True
test,audio_114.wav,True
test,audio_146.wav,True
test,audio_46.wav,True
test,audio_144.wav,True
test,audio_75.wav,True
test,audio_200.wav,True
test,audio_196.wav,True
test,audio_190.wav,True
test,audio_158.wav,True
test,audio_17.wav,True
test,audio_105.wav,True
test,audio_141.wav,True
test,audio_129.wav,True
test,audio_6.wav,True
test,audio_70.wav,True
test,audio_35.wav,True
test,audio_203.wav,True
test,audio_90.wav,True
test,audio_16.wav,True
test,audio_138.wav,True
test,audio_100.wav,True
test,audio_115.wav,True
test,audio_118.wav,True
test,audio_137.wav,True
test,audio_101.wav,True
test,audio_193.wav,True
test,audio_102.wav,True
test,audio_52.wav,True
test,audio_172.wav,True
test,audio_191.wav,True
test,audio_194.wav,True
test,audio_67.wav,True
test,audio_160.wav,True
test,audio_179.wav,True
test,audio_55.wav,True
test,audio_145.wav,True
test,audio_197.wav,True
test,audio_139.wav,True
test,audio_91.wav,True
test,audio_8.wav,True
test,audio_136.wav,True
test,audio_199.wav,True
test,audio_110.wav,True
test,audio_208.wav,True
test,audio_152.wav,True
test,audio_94.wav,True
test,audio_174.wav,True
test,audio_23.wav,True
test,audio_56.wav,True
test,audio_97.wav,True
test,audio_148.wav,True
test,audio_59.wav,True
test,audio_5.wav,True
test,audio_119.wav,True
test,audio_80.wav,True
test,audio_58.wav,True
test,audio_123.wav,True
test,audio_188.wav,True
test,audio_121.wav,True
test,audio_107.wav,True
test,audio_214.wav,True
test,audio_73.wav,True
test,audio_169.wav,True
test,audio_7.wav,True
test,audio_42.wav,True
test,audio_88.wav,True
test,audio_64.wav,True
test,audio_195.wav,True
test,audio_57.wav,True
test,audio_13.wav,True
test,audio_125.wav,True
test,audio_209.wav,True
test,audio_211.wav,True
test,audio_63.wav,True
test,audio_86.wav,True
test,audio_78.wav,True
test,audio_38.wav,True
test,audio_186.wav,True
test,audio_154.wav,True
test,audio_21.wav,True
test,audio_120.wav,True
test,audio_183.wav,True
test,audio_25.wav,True
test,audio_122.wav,True
test,audio_36.wav,True
test,audio_76.wav,True
test,audio_163.wav,True
test,audio_83.wav,True
test,audio_103.wav,True
test,audio_93.wav,True
test,audio_26.wav,True
test,audio_72.wav,True
test,audio_210.wav,True
test,audio_104.wav,True
test,audio_81.wav,True
test,audio_166.wav,True
test,audio_202.wav,True
test,audio_185.wav,True
test,audio_9.wav,True
test,audio_207.wav,True
test,audio_127.wav,True
test,audio_12.wav,True
test,audio_132.wav,True
test,audio_109.wav,True
test,audio_32.wav,True
test,audio_178.wav,True
test,audio_61.wav,True
test,audio_34.wav,True
test,audio_106.wav,True
test,audio_49.wav,True
test,audio_149.wav,True
test,audio_30.wav,True
test,audio_131.wav,True
test,audio_162.wav,True
test,audio_204.wav,True
test,audio_198.wav,True
test,audio_135.wav,True
test,audio_187.wav,True
test,audio_3.wav,True
test,audio_98.wav,True
test,audio_159.wav,True
test,audio_167.wav,True
test,audio_205.wav,True
test,audio_95.wav,True
test,audio_68.wav,True
test,audio_31.wav,True
test,audio_157.wav,True
test,audio_89.wav,True
test,audio_82.wav,True
test,audio_53.wav,True
test,audio_37.wav,True
test,audio_113.wav,True
test,audio_85.wav,True
test,audio_173.wav,True
test,audio_41.wav,True
test,audio_51.wav,True
test,audio_143.wav,True
test,audio_92.wav,True
test,audio_74.wav,True
test,audio_0.wav,True
test,audio_147.wav,True
test,audio_130.wav,True
test,audio_192.wav,True
test,audio_43.wav,True
test,audio_65.wav,True
test,audio_14.wav,True
test,audio_117.wav,True
test,audio_212.wav,True
test,audio_79.wav,True
test,audio_171.wav,True
test,audio_60.wav,True
test,audio_153.wav,True
test,audio_176.wav,True
test,audio_2.wav,True
test,audio_50.wav,True
test,audio_29.wav,True
test,audio_142.wav,True
test,audio_47.wav,True
test,audio_84.wav,True
test,audio_164.wav,True
test,audio_48.wav,True
test,audio_189.wav,True
test,audio_151.wav,True
test,audio_66.wav,True
test,audio_44.wav,True
test,audio_150.wav,True
test,audio_87.wav,True
test,audio_99.wav,True
test,audio_62.wav,True
test,audio_20.wav,True
test,audio_124.wav,True
test,audio_54.wav,True
test,audio_45.wav,True
test,audio_71.wav,True
test,audio_184.wav,True
test,audio_24.wav,True
test,audio_140.wav,True
test,audio_165.wav,True
test,audio_170.wav,True
