model,description,rmse,rmse_std,pearson,pearson_std,spearman,spearman_std,rmse_vs_mean,rmse_vs_mean_std,n_clipped,seconds
M5b_stack_top3,"stacking of M5a_ridge_combined, M2_ridge_audio6, M3_svr_text_pca32 with RidgeCV on top",0.5281612133585205,0.03126987241592208,0.8551066317441948,0.01753298892906235,0.8483020420025585,0.019844704399355314,-0.48555569030485674,0.028794904278611762,113,38.56596009992063
M5a_ridge_combined,ridge on hand + text PCA-32 + audio6 PCA-32,0.5608158710649941,0.03248372976716887,0.8343624196412096,0.02141431619071649,0.8316412146348938,0.01983527441902499,-0.4529010325983833,0.030054157777807722,93,0.8883249999489635
M2_ridge_audio6,ridge on audio layer 6,0.586038972219898,0.02797385037090709,0.8180161125130574,0.018648881362389347,0.8082437192667968,0.02051269748126617,-0.4276779314434792,0.02606861746492729,93,1.5780044000130147
M2_ridge_audio_last,ridge on audio last layer,0.607884536178267,0.0271414482447921,0.802567318663451,0.01827750138604465,0.7936545997897966,0.01964708484453689,-0.40583236748511037,0.022863408607426267,68,1.2689127000048757
M2_ridge_text,ridge on text DeBERTa,0.6171084471015575,0.03084688249508968,0.7948823426258378,0.021042484000443954,0.7937273492572855,0.02147899507348265,-0.39660845656181976,0.027996316018399255,49,1.8834059999790043
M2_ridge_text_pca32,ridge on text DeBERTa PCA-32,0.6306492469969442,0.03233478582893027,0.783849762843016,0.02217363414765594,0.7845082441108006,0.023619737065008577,-0.38306765666643294,0.02873422651483005,38,0.4052493000635877
M2_ridge_audio_last_pca32,ridge on audio last layer PCA-32,0.6411695017697434,0.02694172100282832,0.7765882517872884,0.019343579346231998,0.7679066420999152,0.021544460014294036,-0.3725474018936339,0.02261936333088423,64,0.6382221999811009
M3_svr_text_pca32,RBF SVR on text PCA-32 (inner grid search),0.6501765009478435,0.04665998129158585,0.7673710978391328,0.035134421725466596,0.7647905593556515,0.03588454517129363,-0.3635404027155339,0.04310094727149728,87,6.447620999999344
M2_ridge_audio6_pca32,ridge on audio layer 6 PCA-32,0.6596693732468969,0.02708910595053073,0.7613186915096251,0.022559301493020878,0.7409659770833925,0.022169670593726692,-0.35404753041648035,0.025763644676394137,53,0.6331232999218628
M4_boosting_hand,LightGBM on hand-made features (fixed settings),0.6793665343939593,0.04287070826711125,0.74302088514775,0.035342309551607734,0.731565060228974,0.03585164709205898,-0.33435036926941797,0.0393932134083059,30,0.5561770000495017
M1_ridge_hand,ridge on 52 hand-made features,0.68647374840518,0.05095290139138474,0.7381284282879518,0.04270493808564088,0.740572874346492,0.040171939402449626,-0.3272431552581972,0.047710927978484474,50,0.7117664999095723
M3_svr_hand,RBF SVR on hand-made features (inner grid search),0.7219953306573021,0.03857207716901787,0.7037961766402946,0.03515611451269566,0.6939214125246862,0.036392490332810806,-0.2917215730060752,0.034853415266488504,48,2.497016000095755
mean_predictor,always the training-fold mean,1.013716903663377,0.0063682785528901605,,,,,0.0,0.0,0,5.282934400020167
median_predictor,always the training-fold median,1.0138896443520176,0.006425681215044716,,,,,0.00017274068864048253,9.976695674172543e-05,0,2.9402398000238463
