split,filename,noise_prob,pred_noise
train,audio_192.wav,3.551960386043622e-05,False
train,audio_436.wav,0.0005483636990583591,False
train,audio_447.wav,0.0001463800086123781,False
train,audio_126.wav,2.5077156046297023e-05,False
train,audio_61.wav,0.001374093511273144,False
train,audio_639.wav,0.0039950966129155205,False
train,audio_703.wav,0.009188769199223238,False
train,audio_509.wav,0.0001211749884312284,False
train,audio_672.wav,0.00045656632637269595,False
train,audio_344.wav,4.071216560145596e-05,False
train,audio_592.wav,6.06170632148964e-05,False
train,audio_705.wav,0.00011214922180206588,False
train,audio_497.wav,0.0004295849663704794,False
train,audio_702.wav,0.009082973061901421,False
train,audio_598.wav,0.0006107800681935689,False
train,audio_99.wav,0.0008776751463324337,False
train,audio_194.wav,4.975374334790241e-05,False
train,audio_5055.wav,0.9995319752763183,True
train,audio_178.wav,0.0008556283828398401,False
train,audio_609.wav,0.00041376502736884365,False
train,audio_77.wav,0.014995378074948043,False
train,audio_18.wav,0.0007720485046028231,False
train,audio_9.wav,0.00041150548371905624,False
train,audio_138.wav,0.00013986296410571576,False
train,audio_269.wav,0.00031121634020247617,False
train,audio_717.wav,3.338190306060055e-05,False
train,audio_529.wav,0.00013349731394077946,False
train,audio_578.wav,4.2174715087744626e-05,False
train,audio_171.wav,0.006339143519659454,False
train,audio_596.wav,0.00027570211322468897,False
train,audio_5066.wav,0.9992312804514988,True
train,audio_501.wav,0.0004991040414817599,False
train,audio_8.wav,0.00019988182373672963,False
train,audio_84.wav,0.000253323839338061,False
train,audio_11.wav,9.207421858886221e-05,False
train,audio_142.wav,0.004773451790328222,False
train,audio_610.wav,0.00038242262043382085,False
train,audio_654.wav,0.0007884581397602219,False
train,audio_170.wav,0.0011332204738556037,False
train,audio_255.wav,0.006457035713041076,False
train,audio_162.wav,0.00808436198606518,False
train,audio_5069.wav,0.9996067151336345,True
train,audio_769.wav,2.5970082085419547e-05,False
train,audio_720.wav,0.0001373271400526948,False
train,audio_623.wav,0.00133468513594408,False
train,audio_718.wav,4.0992520811607e-05,False
train,audio_136.wav,0.00048613803252302973,False
train,audio_119.wav,8.518732525096021e-05,False
train,audio_542.wav,0.0001815623170915725,False
train,audio_5073.wav,0.9987004499948038,True
train,audio_322.wav,0.00031390220158122715,False
train,audio_5039.wav,0.9997348816152978,True
train,audio_707.wav,0.0004305324846101029,False
train,audio_148.wav,0.0022328000227223657,False
train,audio_316.wav,0.0004847314789030313,False
train,audio_647.wav,0.00017350312823213268,False
train,audio_286.wav,5.898874086604989e-05,False
train,audio_92.wav,0.0003830351670635248,False
train,audio_462.wav,0.00048306916194683813,False
train,audio_376.wav,0.00039716050019789024,False
train,audio_76.wav,0.014302829752551328,False
train,audio_105.wav,0.0010624675817822607,False
train,audio_355.wav,2.198279511016625e-05,False
train,audio_663.wav,0.00011385205765751467,False
train,audio_767.wav,2.0999165132782296e-05,False
train,audio_655.wav,0.0009035487573795294,False
train,audio_372.wav,0.0002491058556408982,False
train,audio_667.wav,0.0010427750050582382,False
train,audio_517.wav,0.001035516629427757,False
train,audio_765.wav,0.0012779809759342537,False
train,audio_38.wav,0.00010353316306803355,False
train,audio_371.wav,0.0013289313344658194,False
train,audio_507.wav,0.00011050387661279259,False
train,audio_5056.wav,0.9996597393149519,True
train,audio_282.wav,0.00028821641237248343,False
train,audio_459.wav,0.00028076730709551993,False
train,audio_303.wav,0.0018492447747680174,False
train,audio_297.wav,0.00041933732353755226,False
train,audio_432.wav,0.00031742763983571773,False
train,audio_454.wav,5.594698293080809e-05,False
train,audio_482.wav,0.00010752121849958393,False
train,audio_484.wav,0.00022856538733950107,False
train,audio_757.wav,0.0011291498608677426,False
train,audio_773.wav,0.00012031628997172075,False
train,audio_668.wav,0.0009017747218432511,False
train,audio_240.wav,0.0005453508739633936,False
train,audio_163.wav,0.0002054279200212423,False
train,audio_659.wav,0.00045825649382481837,False
train,audio_532.wav,0.00017723700974118264,False
train,audio_464.wav,0.0014868008963296432,False
train,audio_5.wav,0.001316381825643032,False
train,audio_231.wav,0.00026212238703251205,False
train,audio_384.wav,0.0003024124158137518,False
train,audio_54.wav,0.00010822755192627255,False
train,audio_656.wav,0.0005785428079167414,False
train,audio_444.wav,0.0001510754947070557,False
train,audio_5062.wav,0.9995397655152657,True
train,audio_312.wav,8.893291393010879e-05,False
train,audio_120.wav,0.00031713766349594156,False
train,audio_446.wav,7.992429298679328e-05,False
train,audio_546.wav,1.2905776935983664e-05,False
train,audio_430.wav,0.00021500499596471874,False
train,audio_179.wav,0.0005639020595475651,False
train,audio_674.wav,0.00033655045154342176,False
train,audio_737.wav,0.00047098869323742307,False
train,audio_669.wav,0.00015162865132035548,False
train,audio_540.wav,0.0001986271661856018,False
train,audio_692.wav,0.00015524662849835893,False
train,audio_572.wav,0.00027848631596022564,False
train,audio_479.wav,0.0008915419441732063,False
train,audio_419.wav,0.00012157241920654801,False
train,audio_5037.wav,0.9989532428963723,True
train,audio_433.wav,0.00039118905295871945,False
train,audio_405.wav,0.00048775374557936523,False
train,audio_267.wav,0.00018091896013300803,False
train,audio_358.wav,0.0008078382461889031,False
train,audio_331.wav,0.0003719997858211,False
train,audio_487.wav,9.530396343971977e-05,False
train,audio_494.wav,0.0006147830926011581,False
train,audio_536.wav,0.00010613524130880707,False
train,audio_634.wav,0.00036637814258517353,False
train,audio_317.wav,0.00021919635437421718,False
train,audio_5054.wav,0.9994366326325282,True
train,audio_723.wav,0.0006296901477703459,False
train,audio_155.wav,0.008679590746155553,False
train,audio_410.wav,0.0002862102897383836,False
train,audio_251.wav,1.871232835866056e-05,False
train,audio_779.wav,0.000593417032877228,False
train,audio_382.wav,0.00024369296574593488,False
train,audio_559.wav,0.0002031219404378407,False
train,audio_161.wav,0.023567139741373814,False
train,audio_535.wav,0.0004097263398893512,False
train,audio_363.wav,0.00046936688252746976,False
train,audio_5057.wav,0.9991034872916744,True
train,audio_660.wav,0.00029451764981382596,False
train,audio_293.wav,0.0007369375284407985,False
train,audio_74.wav,0.0001925477742722101,False
train,audio_215.wav,2.831684346452996e-05,False
train,audio_228.wav,1.701117269148396e-05,False
train,audio_602.wav,4.612644358586108e-05,False
train,audio_396.wav,7.195717422179666e-05,False
train,audio_576.wav,0.00023809960647328581,False
train,audio_5040.wav,0.9976592442939474,True
train,audio_198.wav,9.70914661789536e-05,False
train,audio_600.wav,5.7340997648718584e-05,False
train,audio_710.wav,0.00010051922494571382,False
train,audio_246.wav,0.0011313755960085067,False
train,audio_490.wav,0.0010691720768215697,False
train,audio_657.wav,0.0003998824948062241,False
train,audio_688.wav,7.258861624268824e-05,False
train,audio_698.wav,0.000346858304588191,False
train,audio_499.wav,9.296497358515797e-05,False
train,audio_463.wav,0.0010080943571787852,False
train,audio_604.wav,0.0003318767137923419,False
train,audio_97.wav,0.00031041415289949847,False
train,audio_234.wav,0.0011942009283794437,False
train,audio_782.wav,0.0007300348251308105,False
train,audio_758.wav,0.0035993242589064164,False
train,audio_727.wav,0.0001306377807462489,False
train,audio_643.wav,1.2491217153396059e-05,False
train,audio_261.wav,0.0013269322763534502,False
train,audio_205.wav,4.667077683951108e-05,False
train,audio_128.wav,0.0005394184970838367,False
train,audio_650.wav,3.5568427909119226e-05,False
train,audio_35.wav,0.0001519635646945919,False
train,audio_141.wav,0.017758736794121762,False
train,audio_260.wav,0.0004969468527611042,False
train,audio_722.wav,0.0011642795076157641,False
train,audio_5047.wav,0.9992982517153229,True
train,audio_324.wav,0.002083513059085984,False
train,audio_279.wav,0.00011855155664563971,False
train,audio_450.wav,5.126441061024712e-05,False
train,audio_32.wav,0.0001938311717321507,False
train,audio_254.wav,4.268757793637311e-05,False
train,audio_544.wav,8.239419577617428e-05,False
train,audio_176.wav,0.02971179094903315,False
train,audio_301.wav,0.00014667825495956395,False
train,audio_213.wav,2.5405615262991757e-05,False
train,audio_295.wav,0.0014117806964951565,False
train,audio_40.wav,0.00029428042489405495,False
train,audio_496.wav,0.00034065672214609715,False
train,audio_45.wav,0.003934322671194577,False
train,audio_146.wav,0.0024219245150716466,False
train,audio_415.wav,0.00018242452453260598,False
train,audio_595.wav,0.00017288315190974434,False
train,audio_783.wav,7.312399472096175e-05,False
train,audio_673.wav,1.4394223052194705e-05,False
train,audio_48.wav,0.0004510821634309156,False
train,audio_777.wav,0.00011263149811541446,False
train,audio_330.wav,0.00022216493021751742,False
train,audio_200.wav,6.205295392046929e-05,False
train,audio_259.wav,0.00047759641152110745,False
train,audio_721.wav,0.00032168599964575804,False
train,audio_223.wav,3.28270383051177e-05,False
train,audio_175.wav,0.011729401566361186,False
train,audio_400.wav,0.0019085008549741952,False
train,audio_506.wav,0.0008657063390919901,False
train,audio_153.wav,7.317345606215946e-05,False
train,audio_5050.wav,0.9991459213037303,True
train,audio_281.wav,0.00013361188553967396,False
train,audio_543.wav,0.0003120259819613445,False
train,audio_445.wav,6.350168310162348e-05,False
train,audio_124.wav,0.00024472413028624147,False
train,audio_249.wav,0.00015935551615464793,False
train,audio_420.wav,0.00017504835449767337,False
train,audio_203.wav,7.277126553522097e-05,False
train,audio_278.wav,3.039309694320434e-05,False
train,audio_516.wav,0.0011624837677287603,False
train,audio_326.wav,0.0004729301344752655,False
train,audio_603.wav,0.00038680658371431756,False
train,audio_199.wav,4.548162712630462e-05,False
train,audio_406.wav,0.0006551127245333648,False
train,audio_538.wav,0.00010535641626208387,False
train,audio_631.wav,2.4232805196510607e-05,False
train,audio_5061.wav,0.9995210123395764,True
train,audio_196.wav,4.429684543917346e-05,False
train,audio_756.wav,0.001222592827735642,False
train,audio_649.wav,4.9046122227950184e-05,False
train,audio_27.wav,0.0017554334683761968,False
train,audio_681.wav,0.0010264968406393617,False
train,audio_556.wav,0.0003570540788646645,False
train,audio_185.wav,9.31870138646146e-06,False
train,audio_369.wav,0.00030400946234494347,False
train,audio_241.wav,0.0005617448856350874,False
train,audio_98.wav,0.0009222580540535083,False
train,audio_389.wav,0.0002641120180572594,False
train,audio_357.wav,0.00020642613218011357,False
train,audio_112.wav,0.00011736208644658133,False
train,audio_675.wav,0.00033330798305466526,False
train,audio_113.wav,0.006045746894680488,False
train,audio_483.wav,0.00016068866628109586,False
train,audio_474.wav,0.0005518070494931016,False
train,audio_725.wav,1.961133241293049e-05,False
train,audio_774.wav,0.00013980520265975961,False
train,audio_588.wav,5.159702980082455e-05,False
train,audio_395.wav,6.978217349416099e-05,False
train,audio_210.wav,3.334923291458991e-05,False
train,audio_309.wav,0.0003094938729713865,False
train,audio_457.wav,6.403021509896407e-05,False
train,audio_492.wav,0.0003400033980540487,False
train,audio_738.wav,2.2019393765934556e-05,False
train,audio_305.wav,5.101469292389959e-05,False
train,audio_123.wav,0.0003796392632412694,False
train,audio_5053.wav,0.9987929783000311,True
train,audio_89.wav,0.00045417286151070606,False
train,audio_747.wav,0.0012776767369303053,False
train,audio_115.wav,0.0023239339391948723,False
train,audio_235.wav,0.0026315312620193393,False
train,audio_414.wav,0.0006208644965376561,False
train,audio_56.wav,0.0005125438949693399,False
train,audio_43.wav,0.0010131061589145997,False
train,audio_394.wav,0.0016244055170691754,False
train,audio_423.wav,0.00028838765448482135,False
train,audio_579.wav,7.540346147340998e-05,False
train,audio_172.wav,0.00045010781883397365,False
train,audio_144.wav,0.00041020406678636193,False
train,audio_151.wav,0.00015208781996114767,False
train,audio_65.wav,0.0009499687819714313,False
train,audio_481.wav,0.00035963533594683174,False
train,audio_262.wav,0.0008969455990728395,False
train,audio_229.wav,5.5836907608161545e-05,False
train,audio_22.wav,0.0002592084382825926,False
train,audio_434.wav,0.0002471148638946066,False
train,audio_488.wav,0.0001253301256274625,False
train,audio_439.wav,0.00011048273126113219,False
train,audio_160.wav,0.004268003991698715,False
train,audio_594.wav,0.0003746948188991045,False
train,audio_651.wav,3.882274528672894e-05,False
train,audio_569.wav,4.8585171585419785e-05,False
train,audio_440.wav,6.765482047010502e-05,False
train,audio_658.wav,0.00023641565001210202,False
train,audio_274.wav,0.0006712169606490197,False
train,audio_5065.wav,0.999597257857814,True
train,audio_158.wav,0.003755649015961681,False
train,audio_493.wav,9.33610809594146e-05,False
train,audio_646.wav,0.0003366783589508668,False
train,audio_64.wav,0.0005950918233819748,False
train,audio_451.wav,4.8468270451382403e-05,False
train,audio_277.wav,0.002028575230924586,False
train,audio_491.wav,0.0003944997445061033,False
train,audio_52.wav,0.0006823947872209687,False
train,audio_743.wav,0.0003936543500994051,False
train,audio_243.wav,0.0010230231642351314,False
train,audio_661.wav,2.8045987223357303e-05,False
train,audio_456.wav,8.643501240040638e-05,False
train,audio_90.wav,0.000647825734589791,False
train,audio_735.wav,0.0010972733416878668,False
train,audio_775.wav,0.00011453974489349832,False
train,audio_587.wav,0.0001724066050804836,False
train,audio_103.wav,0.000725535899264534,False
train,audio_111.wav,0.00012723893534878037,False
train,audio_421.wav,0.0002065720018742429,False
train,audio_683.wav,0.01200521609444879,False
train,audio_152.wav,0.00010192141921426647,False
train,audio_134.wav,0.0010340098448374348,False
train,audio_12.wav,0.00018135263045741804,False
train,audio_232.wav,0.0024771094944354864,False
train,audio_36.wav,0.00032828854715529344,False
train,audio_268.wav,8.752544883574654e-05,False
train,audio_68.wav,0.0007167203643241262,False
train,audio_729.wav,0.00033203077525920647,False
train,audio_247.wav,0.004026994273548108,False
train,audio_224.wav,1.6598748592963916e-05,False
train,audio_425.wav,0.0003945982753808087,False
train,audio_392.wav,0.00041283474754002776,False
train,audio_615.wav,1.8602375817309597e-05,False
train,audio_245.wav,0.0005258169964325574,False
train,audio_271.wav,0.000378467613459708,False
train,audio_321.wav,3.687676565040793e-05,False
train,audio_5043.wav,0.999626656980617,True
train,audio_187.wav,1.1760561690525633e-05,False
train,audio_221.wav,3.0961958869988385e-05,False
train,audio_219.wav,0.00013452022169838356,False
train,audio_601.wav,6.718285656759681e-05,False
train,audio_100.wav,0.0003887731230857346,False
train,audio_227.wav,9.629437141495344e-05,False
train,audio_411.wav,0.00036779446881387754,False
train,audio_28.wav,0.00021781353506312675,False
train,audio_653.wav,0.0004933567671662356,False
train,audio_29.wav,9.465895332909968e-05,False
train,audio_470.wav,7.515215735248913e-05,False
train,audio_356.wav,0.0006262725590305743,False
train,audio_365.wav,4.992516305254143e-05,False
train,audio_58.wav,7.198611653727661e-05,False
train,audio_708.wav,0.0002036365982488804,False
train,audio_319.wav,0.0002874070826464856,False
train,audio_5067.wav,0.9993139338150165,True
train,audio_135.wav,2.2718937263073002e-05,False
train,audio_612.wav,0.0022102259476583096,False
train,audio_373.wav,0.00042973570004678274,False
train,audio_680.wav,0.0014415286041667306,False
train,audio_63.wav,0.0017739806205035985,False
train,audio_700.wav,9.895774315514072e-05,False
train,audio_429.wav,0.00030928289837109645,False
train,audio_745.wav,0.00029511837274868644,False
train,audio_731.wav,0.000466228602751897,False
train,audio_461.wav,0.00032408837130036994,False
train,audio_79.wav,0.047681027755040836,False
train,audio_5038.wav,0.9991983938209238,True
train,audio_760.wav,0.00032440113466815243,False
train,audio_72.wav,0.0009740633221028787,False
train,audio_696.wav,0.00021541055491049112,False
train,audio_744.wav,0.0003923171670091464,False
train,audio_662.wav,4.232148366759925e-05,False
train,audio_570.wav,6.867905264022002e-05,False
train,audio_10.wav,9.723744478676192e-05,False
train,audio_628.wav,0.000888551822075724,False
train,audio_606.wav,0.0015432335439740882,False
train,audio_73.wav,4.8287005925345474e-05,False
train,audio_605.wav,0.001200171806671054,False
train,audio_106.wav,0.0022254034053353303,False
train,audio_306.wav,0.0004179604940039135,False
train,audio_75.wav,0.0023648770462158246,False
train,audio_550.wav,0.0006365445099616982,False
train,audio_340.wav,0.002282114424947623,False
train,audio_272.wav,0.0005828674099782472,False
train,audio_518.wav,0.0010009254749739527,False
train,audio_34.wav,0.0002655872572152333,False
train,audio_87.wav,4.868191471270324e-05,False
train,audio_211.wav,2.0492932317956984e-05,False
train,audio_431.wav,0.00042207403325951074,False
train,audio_555.wav,2.3497550044096156e-05,False
train,audio_648.wav,0.00018800357388428247,False
train,audio_5051.wav,0.9996071795909351,True
train,audio_422.wav,0.0002282470253185018,False
train,audio_627.wav,0.0010431868606440168,False
train,audio_122.wav,6.579945500268538e-05,False
train,audio_88.wav,8.652674981206617e-06,False
train,audio_165.wav,0.00021124742322848445,False
train,audio_276.wav,0.0024480504025715254,False
train,audio_746.wav,0.00023485355294778227,False
train,audio_252.wav,2.324265144573325e-05,False
train,audio_266.wav,7.19741532931759e-05,False
train,audio_611.wav,0.005424512618395754,False
train,audio_5058.wav,0.9996550882106611,True
train,audio_81.wav,0.0029947283738296607,False
train,audio_3.wav,0.0001593855307159465,False
train,audio_21.wav,0.0005713948168984742,False
train,audio_190.wav,5.235204172255971e-05,False
train,audio_189.wav,0.00010336002616348765,False
train,audio_519.wav,0.0001521856733732931,False
train,audio_748.wav,0.0004744536114318423,False
train,audio_505.wav,0.00011673185798510167,False
train,audio_361.wav,0.006144114199023409,False
train,audio_5052.wav,0.999102888035173,True
train,audio_16.wav,0.00043479738755160095,False
train,audio_327.wav,0.0002058859903138478,False
train,audio_313.wav,3.841328852816051e-05,False
train,audio_589.wav,0.00036358260707858715,False
train,audio_416.wav,0.00013613393186598987,False
train,audio_762.wav,0.0012552139499663834,False
train,audio_714.wav,0.0014818537610897476,False
train,audio_455.wav,3.71782921007268e-05,False
train,audio_42.wav,0.0005820854927953876,False
train,audio_561.wav,0.000387619648322871,False
train,audio_226.wav,1.499503593407048e-05,False
train,audio_110.wav,0.0005891746806512786,False
train,audio_739.wav,5.008357004526001e-05,False
train,audio_504.wav,0.0002532751175227375,False
train,audio_379.wav,0.00048314000272130713,False
train,audio_520.wav,0.0016204993583755509,False
train,audio_5068.wav,0.9985226911083872,True
train,audio_30.wav,0.00024856121297862704,False
train,audio_5041.wav,0.9982124938081176,True
train,audio_485.wav,0.0004539381551911455,False
train,audio_475.wav,0.0004676350031434155,False
train,audio_145.wav,0.0006615220644406387,False
train,audio_308.wav,0.00042977937866113747,False
train,audio_184.wav,2.172650664314613e-05,False
train,audio_586.wav,9.402760930388785e-05,False
train,audio_398.wav,0.00019468519589341095,False
train,audio_726.wav,0.00010774003868548823,False
train,audio_466.wav,1.6425813489271706e-05,False
train,audio_218.wav,0.00017723523191445276,False
train,audio_644.wav,0.0001463710143177798,False
train,audio_351.wav,2.1180908399716523e-05,False
train,audio_248.wav,0.005907787156487325,False
train,audio_83.wav,2.3807203583143213e-05,False
train,audio_71.wav,0.0019543818474113015,False
train,audio_287.wav,5.477024324477278e-05,False
train,audio_367.wav,3.0467430021353133e-05,False
train,audio_166.wav,9.428205392527211e-05,False
train,audio_94.wav,8.979290138715951e-06,False
train,audio_108.wav,0.003986222426298504,False
train,audio_511.wav,0.00030471887595227593,False
train,audio_5059.wav,0.9994718825042574,True
train,audio_310.wav,0.0002881571829447466,False
train,audio_50.wav,6.091717441043799e-05,False
train,audio_6.wav,8.111073189046177e-05,False
train,audio_515.wav,0.0003880925917685488,False
train,audio_742.wav,0.00047810068068381093,False
train,audio_545.wav,1.9152692069672826e-05,False
train,audio_489.wav,6.343711896531814e-05,False
train,audio_697.wav,0.00035183875017202914,False
train,audio_225.wav,3.4598996459449306e-05,False
train,audio_553.wav,0.00015189019858513232,False
train,audio_237.wav,0.0016768302221275815,False
train,audio_197.wav,7.68577935689755e-06,False
train,audio_449.wav,6.207453962116289e-05,False
train,audio_567.wav,0.0005192504924336563,False
train,audio_477.wav,0.00020889958830985823,False
train,audio_728.wav,0.00015616445781957398,False
train,audio_377.wav,0.0005773368733185606,False
train,audio_633.wav,0.0002020338069473831,False
train,audio_690.wav,7.511585047380241e-05,False
train,audio_525.wav,0.0007992764030104118,False
train,audio_31.wav,9.311795730837089e-05,False
train,audio_676.wav,0.0001645041389430451,False
train,audio_263.wav,0.0008291775386428296,False
train,audio_5070.wav,0.999834388082852,True
train,audio_510.wav,8.50423179336453e-05,False
train,audio_577.wav,3.254375584420797e-05,False
train,audio_230.wav,5.866572958451959e-05,False
train,audio_314.wav,0.00047839656517531753,False
train,audio_641.wav,0.0001248410735306664,False
train,audio_689.wav,0.00014005889075128245,False
train,audio_352.wav,0.00015352591027494275,False
train,audio_193.wav,4.701439485772278e-05,False
train,audio_5049.wav,0.9997391083040844,True
train,audio_300.wav,0.002641422743271089,False
train,audio_581.wav,0.0004850967476172116,False
train,audio_164.wav,0.00015655690665145134,False
train,audio_502.wav,0.0003219355192227564,False
train,audio_380.wav,0.0003242947475200391,False
train,audio_15.wav,9.347851840866593e-05,False
train,audio_238.wav,0.00043442937137241845,False
train,audio_53.wav,0.000562872813422326,False
train,audio_283.wav,0.0005059586182007181,False
train,audio_614.wav,0.0005853024777221726,False
train,audio_121.wav,0.00011473099489181935,False
train,audio_216.wav,2.1837438423571147e-05,False
train,audio_552.wav,0.00031014410362899616,False
train,audio_514.wav,0.00011394260118607557,False
train,audio_593.wav,4.791616961091379e-05,False
train,audio_565.wav,0.00015822198300448128,False
train,audio_140.wav,0.005464908120457606,False
train,audio_117.wav,0.005133529202053667,False
train,audio_495.wav,0.00010244918566764372,False
train,audio_652.wav,0.0002875384825614481,False
train,audio_645.wav,0.00011523782957758909,False
train,audio_242.wav,0.0017382680229696542,False
train,audio_4.wav,0.007809532049357076,False
train,audio_93.wav,0.0001991013308495333,False
train,audio_582.wav,0.002122043610987694,False
train,audio_222.wav,3.1297524737416654e-05,False
train,audio_5042.wav,0.9997087786344672,True
train,audio_253.wav,2.1958566891986186e-05,False
train,audio_167.wav,0.00018502137697954443,False
train,audio_583.wav,0.0002196356097350269,False
train,audio_682.wav,0.001087290656418343,False
train,audio_5045.wav,0.9966564448633072,True
train,audio_173.wav,0.00021439899837919778,False
train,audio_338.wav,0.0004034800349785264,False
train,audio_188.wav,1.751690664572951e-05,False
train,audio_59.wav,0.00048708311641164614,False
train,audio_318.wav,7.347846289204371e-05,False
train,audio_17.wav,9.883155214076417e-05,False
train,audio_551.wav,0.00015317867424028642,False
train,audio_275.wav,0.0004263103795428124,False
train,audio_368.wav,0.0010952403458646114,False
train,audio_730.wav,0.00046233567105868813,False
train,audio_5060.wav,0.9993408190793589,True
train,audio_685.wav,0.0001530729683768805,False
train,audio_7.wav,1.1929544882497436e-05,False
train,audio_204.wav,3.138757995817088e-05,False
train,audio_5064.wav,0.9993436132666013,True
train,audio_127.wav,0.0009271315816047051,False
train,audio_412.wav,0.0006070777137981095,False
train,audio_132.wav,0.00048738300748742147,False
train,audio_156.wav,0.013677140908978737,False
train,audio_426.wav,0.00013794893936050945,False
train,audio_709.wav,8.039572238177733e-05,False
train,audio_291.wav,0.0004461351439201137,False
train,audio_523.wav,0.0005088787244613014,False
train,audio_632.wav,0.0002608312509718689,False
train,audio_684.wav,0.000148776636086038,False
train,audio_512.wav,0.0002794230787013151,False
train,audio_764.wav,0.00037987241369238385,False
train,audio_585.wav,0.00039209962075743,False
train,audio_562.wav,0.00026955625757802364,False
train,audio_465.wav,1.8794134149497473e-05,False
train,audio_37.wav,0.00015310955812199866,False
train,audio_47.wav,0.00013177553446742173,False
train,audio_233.wav,0.0018823450621023269,False
train,audio_621.wav,0.00028549120627904557,False
train,audio_590.wav,0.00013346765968036582,False
train,audio_349.wav,7.842112583390446e-06,False
train,audio_387.wav,0.00014022142130855884,False
train,audio_630.wav,0.004617947524157642,False
train,audio_5046.wav,0.9984817741906732,True
train,audio_183.wav,8.45984183957762e-06,False
train,audio_607.wav,0.0013767321798047046,False
train,audio_133.wav,0.0001399520436301565,False
train,audio_443.wav,0.00024006119028789993,False
train,audio_55.wav,0.0005129240775860269,False
train,audio_686.wav,0.0001900772315272217,False
train,audio_740.wav,6.735177866287284e-05,False
train,audio_699.wav,6.647526399466761e-05,False
train,audio_44.wav,0.00015357390731857734,False
train,audio_500.wav,7.325259193475918e-05,False
train,audio_265.wav,0.0001135673477264814,False
train,audio_125.wav,0.0006148326501627592,False
train,audio_413.wav,0.0003701862584431969,False
train,audio_256.wav,0.005653673611176877,False
train,audio_350.wav,0.0007187134039061541,False
train,audio_364.wav,0.0016522191138424321,False
train,audio_131.wav,0.0004943595714442147,False
train,audio_168.wav,9.768618419249174e-05,False
train,audio_557.wav,4.485804200923905e-05,False
train,audio_670.wav,0.00023256532133337422,False
train,audio_342.wav,0.0009375347339425917,False
train,audio_2.wav,0.0005920227110907589,False
train,audio_5048.wav,0.9992095877038965,True
train,audio_741.wav,4.428275065984706e-05,False
train,audio_294.wav,0.00012251912958403187,False
train,audio_370.wav,0.00010903131418987887,False
train,audio_417.wav,0.0001914466243226382,False
train,audio_753.wav,0.00010241702700744288,False
train,audio_533.wav,0.0002269920525947444,False
train,audio_239.wav,0.0005853554448283708,False
train,audio_566.wav,0.00021910675168798573,False
train,audio_736.wav,0.00019847277608698615,False
train,audio_541.wav,0.00042951613653128157,False
train,audio_531.wav,0.0001119526243561033,False
train,audio_280.wav,6.080487869987748e-05,False
train,audio_33.wav,0.00032505027404041315,False
train,audio_307.wav,0.00040609940275454623,False
train,audio_617.wav,3.1299098308212604e-05,False
train,audio_613.wav,0.00039640972168452894,False
train,audio_472.wav,0.00022639031873651681,False
train,audio_568.wav,4.245594305819945e-05,False
train,audio_521.wav,0.00044586119976726277,False
train,audio_401.wav,0.00014209189148378456,False
train,audio_573.wav,0.00014436183524452905,False
train,audio_180.wav,4.529608938189232e-05,False
train,audio_320.wav,0.0009196623969402521,False
train,audio_85.wav,0.00013264356624439726,False
train,audio_296.wav,0.00026967006438773566,False
train,audio_250.wav,6.345907314858328e-05,False
train,audio_346.wav,6.425630986440339e-05,False
train,audio_335.wav,0.0001134051255052342,False
train,audio_20.wav,0.0003023987225060309,False
train,audio_5071.wav,0.9993730517944575,True
train,audio_558.wav,5.3022277240987446e-05,False
train,audio_289.wav,0.0004534992398678274,False
train,audio_620.wav,0.0003145763805416797,False
train,audio_665.wav,9.997174314968417e-05,False
train,audio_751.wav,0.00013489860954871887,False
train,audio_442.wav,0.0001296357839030274,False
train,audio_362.wav,0.0017814683478322706,False
train,audio_311.wav,0.00040603035878152526,False
train,audio_724.wav,0.0008214659973101576,False
train,audio_39.wav,0.0012706664111016939,False
train,audio_290.wav,1.1499437492376266e-05,False
train,audio_23.wav,0.00033634816613091164,False
train,audio_624.wav,0.0005375752607473512,False
train,audio_206.wav,4.8614765480100556e-05,False
train,audio_288.wav,3.71049682099123e-05,False
train,audio_60.wav,0.0010331321349410824,False
train,audio_80.wav,0.035701235088294134,False
train,audio_214.wav,2.808180435291815e-05,False
train,audio_599.wav,0.00033516647843075256,False
train,audio_5063.wav,0.9979980377480615,True
train,audio_207.wav,4.328714083940664e-05,False
train,audio_438.wav,3.97876328308129e-05,False
train,audio_332.wav,0.0009807426560312577,False
train,audio_159.wav,0.005437794600190877,False
train,audio_478.wav,0.00025252317207137033,False
train,audio_46.wav,0.0005420836191974535,False
train,audio_130.wav,0.009174394648063253,False
train,audio_437.wav,6.536306465879914e-05,False
train,audio_771.wav,0.00017685799733470068,False
train,audio_759.wav,0.00025287125355217833,False
train,audio_25.wav,0.0023929561499668856,False
train,audio_191.wav,5.157513649891902e-05,False
train,audio_182.wav,5.617127749469258e-05,False
train,audio_236.wav,0.001953686510749794,False
train,audio_24.wav,6.36522049430944e-05,False
train,audio_428.wav,0.0002635088627178488,False
train,audio_678.wav,0.0018601170410492635,False
train,audio_591.wav,0.0005646296577008964,False
train,audio_597.wav,0.00035223851960741785,False
train,audio_580.wav,4.461228175195309e-05,False
train,audio_19.wav,0.0006029978677197126,False
train,audio_476.wav,0.0003515702266085641,False
train,audio_375.wav,0.0008834121775573923,False
train,audio_642.wav,3.515634628930335e-05,False
train,audio_66.wav,8.816929764504781e-05,False
train,audio_186.wav,1.7352043731219227e-05,False
train,audio_713.wav,0.0019064652664099752,False
train,audio_354.wav,2.6061474856644847e-05,False
train,audio_768.wav,0.00013293552201615406,False
train,audio_14.wav,0.0001576910636250238,False
train,audio_208.wav,4.702571122473855e-05,False
train,audio_418.wav,0.00012013942991433048,False
train,audio_212.wav,3.422041484580448e-05,False
train,audio_177.wav,0.00010370000735289774,False
train,audio_503.wav,0.0004727980033533018,False
train,audio_564.wav,0.000120649412545904,False
train,audio_257.wav,0.009375498079722225,False
train,audio_408.wav,0.00043964298568202853,False
train,audio_468.wav,0.00014345164390543042,False
train,audio_574.wav,0.00039313488071351796,False
train,audio_26.wav,0.001009639702300849,False
train,audio_480.wav,0.00016062356471752156,False
train,audio_706.wav,0.00017453235728057183,False
train,audio_57.wav,0.0001791423520676295,False
train,audio_209.wav,1.830197907528373e-05,False
train,audio_712.wav,0.0017425652831257897,False
train,audio_353.wav,0.00040231720453663835,False
train,audio_575.wav,0.00036413601884430517,False
train,audio_383.wav,0.00011673330670443076,False
train,audio_781.wav,0.0005785270393777531,False
train,audio_118.wav,0.00016483977212988858,False
train,audio_337.wav,0.0006612265276471738,False
train,audio_715.wav,0.0005069525603659356,False
train,audio_323.wav,0.0010386710080729899,False
train,audio_374.wav,0.00020697743484343847,False
train,audio_348.wav,1.010039648575785e-05,False
train,audio_547.wav,1.2542377830495133e-05,False
train,audio_41.wav,0.00020819591932693236,False
train,audio_284.wav,0.00018260485328300567,False
train,audio_13.wav,0.00043037988581774646,False
train,audio_548.wav,0.0005878639462594391,False
train,audio_687.wav,0.00017933319686067625,False
train,audio_104.wav,0.0009924901254035525,False
train,audio_181.wav,4.763559720210401e-05,False
train,audio_755.wav,0.00016290916296108168,False
train,audio_733.wav,0.0011745023916769142,False
train,audio_5072.wav,0.99790199466052,True
train,audio_776.wav,0.00011954547908400139,False
train,audio_70.wav,0.0001140087826384696,False
train,audio_49.wav,4.606846900165211e-05,False
train,audio_527.wav,0.0016682920476998563,False
train,audio_273.wav,0.00282939418882392,False
train,audio_139.wav,0.003321270927988718,False
train,audio_467.wav,2.2677798214932208e-05,False
train,audio_407.wav,0.00046996950910789786,False
train,audio_404.wav,0.0009180442498718246,False
train,audio_534.wav,0.00018275043771614352,False
train,audio_96.wav,2.4348829369421527e-05,False
train,audio_137.wav,0.00020756166959228208,False
train,audio_150.wav,8.740944929036217e-05,False
train,audio_339.wav,0.0006424503671598411,False
train,audio_409.wav,0.001004945329764687,False
train,audio_78.wav,0.004099697265112895,False
train,audio_244.wav,0.00042221665124597116,False
train,audio_752.wav,0.0007751645368726946,False
train,audio_508.wav,0.00013607205003410527,False
train,audio_664.wav,9.925607385495296e-05,False
train,audio_701.wav,0.00019614017690795134,False
train,audio_5044.wav,0.9916478718903113,True
train,audio_734.wav,0.0008054865138830857,False
train,audio_51.wav,6.595821334231175e-05,False
train,audio_704.wav,0.011289049819031595,False
train,audio_129.wav,6.396846000242227e-05,False
train,audio_107.wav,6.014729153603801e-05,False
train,audio_143.wav,0.000423162061375436,False
train,audio_458.wav,0.00015240434385998343,False
train,audio_424.wav,0.0002512701572494117,False
train,audio_563.wav,0.00023324930813048176,False
train,audio_625.wav,0.0033436042478875616,False
train,audio_302.wav,8.681020180384072e-05,False
train,audio_154.wav,0.0001313462342997902,False
train,audio_754.wav,0.00010524550791175604,False
train,audio_749.wav,0.0006564684272389748,False
train,audio_366.wav,0.0013538436480304112,False
train,audio_693.wav,0.0008303594507407086,False
train,audio_608.wav,0.000554935431701998,False
train,audio_220.wav,3.23565930526551e-05,False
train,audio_761.wav,0.0004766353499031413,False
train,audio_640.wav,0.000772339222618759,False
train,audio_67.wav,4.470593492773898e-05,False
train,audio_299.wav,0.000252870829173431,False
train,audio_102.wav,0.0062931966240969825,False
train,audio_258.wav,0.0024549410331663824,False
train,audio_679.wav,0.0018309074314615756,False
train,audio_82.wav,5.9606170541516684e-05,False
train,audio_325.wav,0.00030653865269140534,False
train,audio_399.wav,0.0002600956690353731,False
train,audio_285.wav,0.00032163186619159784,False
train,audio_784.wav,0.0008908408437625717,False
train,audio_0.wav,0.0004692786781761449,False
train,audio_435.wav,0.00035497438378845895,False
train,audio_91.wav,0.0016862731071359321,False
train,audio_109.wav,0.0011490922215140074,False
train,audio_772.wav,0.0001219335634278597,False
train,audio_270.wav,0.0006758737804341047,False
train,audio_528.wav,0.0005882086087656739,False
train,audio_441.wav,0.00013487202412957986,False
train,audio_381.wav,0.0005496722033162873,False
train,audio_86.wav,0.0002966822032540777,False
train,audio_101.wav,0.0010962507566337793,False
train,audio_333.wav,0.0007464940888783808,False
train,audio_149.wav,0.00018989450611718413,False
train,audio_719.wav,0.00018058033312176903,False
train,audio_638.wav,0.0010884996123882184,False
train,audio_147.wav,0.002118928309889305,False
train,audio_62.wav,7.093842565386188e-05,False
train,audio_763.wav,0.002096628781123815,False
train,audio_498.wav,0.0006414626635558587,False
train,audio_1.wav,5.48361811380598e-05,False
train,audio_304.wav,0.0004156298803070195,False
train,audio_347.wav,0.002668271633856576,False
train,audio_560.wav,0.00036438067858534886,False
train,audio_452.wav,0.00012040794463505326,False
train,audio_716.wav,2.8562882958142584e-05,False
train,audio_473.wav,0.002552541959496874,False
train,audio_95.wav,0.013552605507659448,False
train,audio_732.wav,0.00032250758945359204,False
train,audio_292.wav,0.00035621608551190937,False
train,audio_469.wav,5.736706607850453e-05,False
train,audio_329.wav,0.000373082932542362,False
train,audio_169.wav,0.003562632570938165,False
train,audio_174.wav,0.0002713652177155234,False
train,audio_513.wav,0.00025985498780071314,False
train,audio_584.wav,0.00016463999605431355,False
train,audio_345.wav,0.0015705677269104517,False
train,audio_750.wav,0.00019978682519522617,False
train,audio_116.wav,0.00010743000648891594,False
train,audio_114.wav,0.00044640509595068444,False
train,audio_157.wav,0.003093915620243431,False
train,audio_385.wav,0.0002653049009828804,False
train,audio_264.wav,0.0001204294573635015,False
train,audio_390.wav,0.00050672409453537,False
train,audio_766.wav,2.5937149508151237e-05,False
train,audio_571.wav,0.0002498279999010484,False
train,audio_393.wav,0.00012174149471905407,False
train,audio_691.wav,0.00034380756388839123,False
test,audio_128.wav,3.106221561802334e-05,False
test,audio_156.wav,0.00029454379691600945,False
test,audio_19.wav,8.622332624122593e-05,False
test,audio_108.wav,0.0009136359347347282,False
test,audio_206.wav,0.00010251886712577423,False
test,audio_161.wav,0.00022498484693239052,False
test,audio_215.wav,0.00021759491785282265,False
test,audio_213.wav,0.0004245578535162224,False
test,audio_11.wav,1.7565682834785316e-05,False
test,audio_155.wav,0.00011199144833004145,False
test,audio_39.wav,9.804508479508973e-05,False
test,audio_168.wav,0.00023810967041683754,False
test,audio_133.wav,0.0018239084777951116,False
test,audio_28.wav,0.023610634289150965,False
test,audio_40.wav,8.932521432137916e-05,False
test,audio_181.wav,0.0010559503510624662,False
test,audio_201.wav,0.0005368953025445421,False
test,audio_182.wav,0.0009824250608757152,False
test,audio_126.wav,0.0006853353007151824,False
test,audio_10.wav,0.00015955518439816227,False
test,audio_134.wav,0.0003272543508692997,False
test,audio_69.wav,0.005954975871547425,False
test,audio_112.wav,7.356552130526833e-05,False
test,audio_180.wav,0.0002131828947444823,False
test,audio_177.wav,0.00022072872639738317,False
test,audio_77.wav,0.0002168057058424181,False
test,audio_111.wav,0.0009111914879732474,False
test,audio_18.wav,0.0007922903926380772,False
test,audio_175.wav,0.0002897450664955078,False
test,audio_33.wav,0.0018531763635800081,False
test,audio_15.wav,9.436900493116811e-05,False
test,audio_4.wav,0.00013321590702573965,False
test,audio_27.wav,0.00011052000022458587,False
test,audio_96.wav,0.0005865662130842915,False
test,audio_116.wav,0.0009525715190362405,False
test,audio_1.wav,9.131632102748288e-05,False
test,audio_22.wav,0.025094771715848983,False
test,audio_114.wav,0.00022608267067988664,False
test,audio_146.wav,0.0015751368640289443,False
test,audio_46.wav,0.0006911927740768455,False
test,audio_144.wav,4.623833476738827e-06,False
test,audio_75.wav,0.0002420002370644505,False
test,audio_200.wav,0.0003213180274471702,False
test,audio_196.wav,0.00026599446363291133,False
test,audio_190.wav,5.196910863131438e-05,False
test,audio_158.wav,0.0004488700637658392,False
test,audio_17.wav,0.0005196222877661045,False
test,audio_105.wav,4.360329226071787e-05,False
test,audio_141.wav,0.00023117378552862518,False
test,audio_129.wav,0.00017544674444214172,False
test,audio_6.wav,0.001165004747308924,False
test,audio_70.wav,9.780491006211193e-05,False
test,audio_35.wav,0.0002450046397118309,False
test,audio_203.wav,0.0004141828972646619,False
test,audio_90.wav,0.0014460739185490686,False
test,audio_16.wav,0.0014358644351828616,False
test,audio_138.wav,0.0037221869923855025,False
test,audio_100.wav,0.0013179367926542387,False
test,audio_115.wav,0.0004109996120399012,False
test,audio_118.wav,0.0007249529578411072,False
test,audio_137.wav,3.403976323072831e-05,False
test,audio_101.wav,0.0012664760875408414,False
test,audio_193.wav,0.00026149800709366055,False
test,audio_102.wav,7.572414279492612e-05,False
test,audio_52.wav,0.0002256127558648816,False
test,audio_172.wav,0.0005849067451191534,False
test,audio_191.wav,0.0004291950280241485,False
test,audio_194.wav,7.400935695623599e-05,False
test,audio_67.wav,0.00046404359169882674,False
test,audio_160.wav,0.0008210802691217044,False
test,audio_179.wav,0.0013523435831597776,False
test,audio_55.wav,0.0002262635813948866,False
test,audio_145.wav,3.504213086515833e-05,False
test,audio_197.wav,0.0010560041710216378,False
test,audio_139.wav,0.0002634899930873527,False
test,audio_91.wav,0.0002497362765866072,False
test,audio_8.wav,0.00028508692394610863,False
test,audio_136.wav,5.297667173402441e-06,False
test,audio_199.wav,0.00014533037933250952,False
test,audio_110.wav,0.0029756788658595592,False
test,audio_208.wav,0.00011911696529688555,False
test,audio_152.wav,0.00019768765501789113,False
test,audio_94.wav,0.0003879406306104661,False
test,audio_174.wav,0.000255018163055589,False
test,audio_23.wav,0.0001587999203656348,False
test,audio_56.wav,0.0001437501670224724,False
test,audio_97.wav,0.0006832874764271806,False
test,audio_148.wav,0.0011002362364771641,False
test,audio_59.wav,0.000316620301105809,False
test,audio_5.wav,0.0008058528748862733,False
test,audio_119.wav,0.00021045537833177687,False
test,audio_80.wav,0.0008238032154744437,False
test,audio_58.wav,6.045878611358452e-05,False
test,audio_123.wav,0.00012423562007553572,False
test,audio_188.wav,0.0006910959881930758,False
test,audio_121.wav,0.00014135902375755322,False
test,audio_107.wav,0.002852361903495328,False
test,audio_214.wav,0.00016540166676149064,False
test,audio_73.wav,0.0003761519615689471,False
test,audio_169.wav,0.00013284273475842304,False
test,audio_7.wav,0.0001363872655014887,False
test,audio_42.wav,4.286999729068839e-05,False
test,audio_88.wav,0.00010181464692358208,False
test,audio_64.wav,7.318023563105956e-05,False
test,audio_195.wav,0.003085464810897794,False
test,audio_57.wav,6.819711459742458e-05,False
test,audio_13.wav,0.001931454729629819,False
test,audio_125.wav,0.00011061661321976697,False
test,audio_209.wav,4.770848385487047e-05,False
test,audio_211.wav,4.310427891112571e-05,False
test,audio_63.wav,3.8217150298728124e-05,False
test,audio_86.wav,0.003331790616005396,False
test,audio_78.wav,9.02134805144804e-05,False
test,audio_38.wav,0.02624469346636943,False
test,audio_186.wav,7.184383130312894e-05,False
test,audio_154.wav,2.939809608565842e-05,False
test,audio_21.wav,0.0030846243221823158,False
test,audio_120.wav,6.252873117397451e-05,False
test,audio_183.wav,9.788447294279621e-05,False
test,audio_25.wav,6.749120022178645e-05,False
test,audio_122.wav,0.00013515995307608047,False
test,audio_36.wav,0.004353488761351805,False
test,audio_76.wav,0.00022306693921507877,False
test,audio_163.wav,0.007220135939915701,False
test,audio_83.wav,0.00031639788805523265,False
test,audio_103.wav,0.0002015679602690592,False
test,audio_93.wav,0.00020397908428240738,False
test,audio_26.wav,0.0005862738936629222,False
test,audio_72.wav,7.318969577125907e-05,False
test,audio_210.wav,1.6605795645408832e-05,False
test,audio_104.wav,0.00032523721426622627,False
test,audio_81.wav,0.0008219677791467512,False
test,audio_166.wav,0.000995487879787553,False
test,audio_202.wav,0.0003390347398023571,False
test,audio_185.wav,0.002358205393041753,False
test,audio_9.wav,0.00028339941047907677,False
test,audio_207.wav,6.384140412349156e-05,False
test,audio_127.wav,0.00022675933172054317,False
test,audio_12.wav,0.00023578991379257552,False
test,audio_132.wav,8.56190151585222e-06,False
test,audio_109.wav,0.00018916248850109124,False
test,audio_32.wav,0.001773421190473384,False
test,audio_178.wav,0.0003080735737033865,False
test,audio_61.wav,0.00027400966897125494,False
test,audio_34.wav,5.0319148334781806e-05,False
test,audio_106.wav,0.0006006224795388948,False
test,audio_49.wav,0.0006672981549817763,False
test,audio_149.wav,0.00017508390144287188,False
test,audio_30.wav,0.00031580489611524265,False
test,audio_131.wav,0.00038987646766289506,False
test,audio_162.wav,0.00035256757954069606,False
test,audio_204.wav,0.00042127351638529434,False
test,audio_198.wav,8.488671553250167e-05,False
test,audio_135.wav,0.0011136933760009372,False
test,audio_187.wav,0.0002969572951576635,False
test,audio_3.wav,0.00022918660253393684,False
test,audio_98.wav,0.0008552135740069183,False
test,audio_159.wav,0.0006926419164172468,False
test,audio_167.wav,0.0006497181672133477,False
test,audio_205.wav,2.695295626242203e-05,False
test,audio_95.wav,0.0007443132719154138,False
test,audio_68.wav,0.004571656032389882,False
test,audio_31.wav,0.0001809192811507193,False
test,audio_157.wav,0.00016029530038630767,False
test,audio_89.wav,0.0004665246952619549,False
test,audio_82.wav,0.0007002795561722593,False
test,audio_53.wav,0.00022134152653505021,False
test,audio_37.wav,0.002110827901567367,False
test,audio_113.wav,0.007717250793196115,False
test,audio_85.wav,0.0007408332846705011,False
test,audio_173.wav,8.955197963815325e-06,False
test,audio_41.wav,0.0001378774384668625,False
test,audio_51.wav,0.00020241861715516535,False
test,audio_143.wav,0.0003257205449656596,False
test,audio_92.wav,1.418788772149938e-05,False
test,audio_74.wav,0.0001736187804348182,False
test,audio_0.wav,0.0004267897452061727,False
test,audio_147.wav,1.3361577491525868e-05,False
test,audio_130.wav,0.00030920987551665815,False
test,audio_192.wav,0.00010697504565092951,False
test,audio_43.wav,0.0010932802424059734,False
test,audio_65.wav,5.629019531987784e-05,False
test,audio_14.wav,5.482831078241452e-06,False
test,audio_117.wav,4.662181425266723e-05,False
test,audio_212.wav,0.00019949013946026354,False
test,audio_79.wav,0.0007059967276720112,False
test,audio_171.wav,0.0003484718911837489,False
test,audio_60.wav,0.0006621180242876015,False
test,audio_153.wav,2.244503228584986e-05,False
test,audio_176.wav,2.1856709684855155e-05,False
test,audio_2.wav,0.00022466732799646317,False
test,audio_50.wav,0.00014741320141838885,False
test,audio_29.wav,0.00015697019717490995,False
test,audio_142.wav,9.335411567365791e-05,False
test,audio_47.wav,4.027889250011437e-05,False
test,audio_84.wav,0.0005325118677881316,False
test,audio_164.wav,0.0007841406009435666,False
test,audio_48.wav,0.00012498878123023524,False
test,audio_189.wav,5.376919333202661e-05,False
test,audio_151.wav,0.0012407513308350705,False
test,audio_66.wav,0.0010726852023992864,False
test,audio_44.wav,5.851911077828398e-05,False
test,audio_150.wav,0.0008867400218097836,False
test,audio_87.wav,0.00019105468463931157,False
test,audio_99.wav,0.0012206410473265836,False
test,audio_62.wav,5.047139138522056e-05,False
test,audio_20.wav,0.00014628659076882454,False
test,audio_124.wav,0.0005000754832927381,False
test,audio_54.wav,0.00021696209629115307,False
test,audio_45.wav,0.0009984238286233603,False
test,audio_71.wav,6.50344931163542e-05,False
test,audio_184.wav,0.00014825641836752724,False
test,audio_24.wav,0.003521033095168871,False
test,audio_140.wav,2.088448810468445e-05,False
test,audio_165.wav,0.002830081042436406,False
test,audio_170.wav,0.0006244371898059495,False
